data_id,label,version,description,status,author,date,parent_id,changelog,notes
TRPHR002,Transportation - High Resolution,v2.0.0,Transportation - High Resolution,active,Thiago Rodrigues,3/20/26,,New period standard and some other fixes,
TRPHRAB002,Transportation - High Resolution - Alberta,v2.0.0,Transportation - High Resolution - Alberta,active,Thiago Rodrigues,3/20/26,,New period standard and some other fixes,
TRPHRBC002,Transportation - High Resolution - British Columbia,v2.0.0,Transportation - High Resolution - British Columbia,active,Thiago Rodrigues,3/20/26,,New period standard and some other fixes,
TRPHRMB002,Transportation - High Resolution - Manitoba,v2.0.0,Transportation - High Resolution - Manitoba,active,Thiago Rodrigues,3/20/26,,New period standard and some other fixes,
TRPHRNB002,Transportation - High Resolution - New Brunswick,v2.0.0,Transportation - High Resolution - New Brunswick,active,Thiago Rodrigues,3/20/26,,New period standard and some other fixes,
TRPHRNLLAB002,Transportation - High Resolution - Newfoundland and Labrador,v2.0.0,Transportation - High Resolution - Newfoundland and Labrador,active,Thiago Rodrigues,3/20/26,,New period standard and some other fixes,
TRPHRNS002,Transportation - High Resolution - Nova Scotia,v2.0.0,Transportation - High Resolution - Nova Scotia,active,Thiago Rodrigues,3/20/26,,New period standard and some other fixes,
TRPHRON002,Transportation - High Resolution - Ontario,v2.0.0,Transportation - High Resolution - Ontario,active,Thiago Rodrigues,3/20/26,,New period standard and some other fixes,
TRPHRPEI002,Transportation - High Resolution - Prince Edward Island ,v2.0.0,Transportation - High Resolution - Prince Edward Island ,active,Thiago Rodrigues,3/20/26,,New period standard and some other fixes,
TRPHRQC002,Transportation - High Resolution - Quebec,v2.0.0,Transportation - High Resolution - Quebec,active,Thiago Rodrigues,3/20/26,,New period standard and some other fixes,
TRPHRSK002,Transportation - High Resolution - Saskatchewan,v2.0.0,Transportation - High Resolution - Saskatchewan,active,Thiago Rodrigues,3/20/26,,New period standard and some other fixes,