group_name,data_id
LDV_C_BEV,TRPHR001
LDV_C_GSL_PHEV,TRPHR001
LDV_C_GSL_HEV,TRPHR001
LDV_C_FCEV,TRPHR001
LDV_C_CNG,TRPHR001
LDV_LTP_BEV,TRPHR001
LDV_LTP_GSL_PHEV,TRPHR001
LDV_LTP_GSL_HEV,TRPHR001
LDV_LTP_FCEV,TRPHR001
LDV_LTP_CNG,TRPHR001
LDV_LTF_BEV,TRPHR001
LDV_LTF_GSL_PHEV,TRPHR001
LDV_LTF_GSL_HEV,TRPHR001
LDV_LTF_FCEV,TRPHR001
LDV_LTF_CNG,TRPHR001
MDV_T_BEV,TRPHR001
MDV_T_DSL_PHEV,TRPHR001
MDV_T_DSL_HEV,TRPHR001
MDV_T_FCEV,TRPHR001
MDV_T_FCHEV,TRPHR001
HDV_T_BEV,TRPHR001
HDV_T_DSL_PHEV,TRPHR001
HDV_T_DSL_HEV,TRPHR001
HDV_T_FCEV,TRPHR001
HDV_T_FCHEV,TRPHR001