region,output_comm,min_output,period,commodity,demand,satisfaction
AB,C_D_spc,0.0,2025,C_D_spc,5.767658538202554,0.0
ON,T_D_pkm_ldv_m,0.0,2025,T_D_pkm_ldv_m,1.461576447,0.0
ON,T_D_pkm_hdv_bt,0.0,2025,T_D_pkm_hdv_bt,9.000896063,0.0
ON,T_D_pkm_hdv_bs,0.0,2025,T_D_pkm_hdv_bs,11.780291522,0.0
ON,T_D_pkm_hdv_bic,0.0,2025,T_D_pkm_hdv_bic,2.20018248,0.0
NS,T_D_pkm_ldv_m,0.0,2025,T_D_pkm_ldv_m,0.163305670574521,0.0
NS,T_D_pkm_hdv_bt,0.001450275437577678,2025,T_D_pkm_hdv_bt,0.972652479055739,0.0
BC,T_D_pkm_hdv_bic,0.0,2025,T_D_pkm_hdv_bic,0.827943987,0.0
BC,T_D_pkm_hdv_bs,0.0,2025,T_D_pkm_hdv_bs,4.951217588,0.0
BC,T_D_pkm_hdv_bt,0.0010843715842873396,2025,T_D_pkm_hdv_bt,3.763735031,0.0
NS,T_D_pkm_hdv_bs,0.0,2025,T_D_pkm_hdv_bs,1.60230709450865,0.0
PEI,R_D_app_cdry,0.0,2025,R_D_app_cdry,0.003407007504690432,0.0
BC,T_D_pkm_ldv_m,0.0,2025,T_D_pkm_ldv_m,0.454126332,0.0
NLLAB,T_D_pkm_ldv_m,0.0,2025,T_D_pkm_ldv_m,0.114940738334768,0.0
NLLAB,T_D_pkm_hdv_bt,0.0010229481047602882,2025,T_D_pkm_hdv_bt,0.691264630627237,0.0
NLLAB,T_D_pkm_hdv_bs,0.0,2025,T_D_pkm_hdv_bs,1.24656074315991,0.0
NLLAB,T_D_pkm_hdv_bic,0.0,2025,T_D_pkm_hdv_bic,0.165137084350593,0.0
NB,T_D_pkm_ldv_m,0.0,2025,T_D_pkm_ldv_m,0.143321700226575,0.0
NB,T_D_pkm_hdv_bt,0.0012737077866202603,2025,T_D_pkm_hdv_bt,0.856385461635098,0.0
NB,T_D_pkm_hdv_bs,0.0,2025,T_D_pkm_hdv_bs,1.45531578887626,0.0
NB,T_D_pkm_hdv_bic,0.0,2025,T_D_pkm_hdv_bic,0.20336533855534,0.0
MB,T_D_pkm_ldv_m,0.0,2025,T_D_pkm_ldv_m,0.180754312,0.0
MB,T_D_pkm_hdv_bt,0.0005277474703444152,2025,T_D_pkm_hdv_bt,0.544110389,0.0
NS,T_D_pkm_hdv_bic,0.0,2025,T_D_pkm_hdv_bic,0.230283111863859,0.0
MB,T_D_pkm_hdv_bs,0.0,2025,T_D_pkm_hdv_bs,0.863996235,0.0
PEI,R_D_app_cook_rng,0.0,2025,R_D_app_cook_rng,0.004055964096878731,0.0
PEI,R_D_app_dsh,0.0,2025,R_D_app_dsh,0.003082558417192564,0.0
SK,T_D_pkm_ldv_m,0.0,2025,T_D_pkm_ldv_m,0.059677801,0.0
SK,T_D_pkm_hdv_bt,0.00044468258846744075,2025,T_D_pkm_hdv_bt,0.988296254,0.0
SK,T_D_pkm_hdv_bs,0.0006494715781311307,2025,T_D_pkm_hdv_bs,1.427486613,0.0
SK,T_D_pkm_hdv_bic,0.0007922978146899712,2025,T_D_pkm_hdv_bic,0.288496263,0.0
QC,T_D_pkm_ldv_m,0.0,2025,T_D_pkm_ldv_m,1.231218305,0.0
QC,T_D_pkm_hdv_bt,0.0,2025,T_D_pkm_hdv_bt,5.817155546,0.0
QC,T_D_pkm_hdv_bs,0.0,2025,T_D_pkm_hdv_bs,7.437307254,0.0
QC,T_D_pkm_hdv_bic,0.0,2025,T_D_pkm_hdv_bic,1.167050526,0.0
PEI,R_D_app_cwsh,0.0,2025,R_D_app_cwsh,0.003609831997271022,0.0
AB,T_D_pkm_hdv_bic,0.0,2025,T_D_pkm_hdv_bic,0.939617536,0.0
MB,T_D_pkm_hdv_bic,0.000996777104506505,2025,T_D_pkm_hdv_bic,0.199445583,0.0
AB,T_D_pkm_hdv_bt,0.0,2025,T_D_pkm_hdv_bt,4.025262312,0.0
PEI,T_D_pkm_ldv_m,0.0,2025,T_D_pkm_ldv_m,0.0817676409140218,0.0
AB,T_D_pkm_ldv_m,0.0,2025,T_D_pkm_ldv_m,0.735863633,0.0
PEI,T_D_pkm_hdv_bt,0.0007298486013683941,2025,T_D_pkm_hdv_bt,0.498263088463172,0.0
PEI,T_D_pkm_hdv_bs,0.0,2025,T_D_pkm_hdv_bs,1.00255733358485,0.0
PEI,R_D_app_ref,0.0,2025,R_D_app_ref,0.004745462220706123,0.0
PEI,R_D_app_frz,0.0,2025,R_D_app_frz,0.002230777332423674,0.0
AB,T_D_pkm_hdv_bs,0.0,2025,T_D_pkm_hdv_bs,6.546800459,0.0
PEI,T_D_pkm_hdv_bic,0.0016463944340797984,2025,T_D_pkm_hdv_bic,0.120453975800802,1.0
PEI,T_D_tkm_mdv_t,0.11270114523833723,2025,T_D_tkm_mdv_t,5.48889861680722,2.0
PEI,T_D_tkm_hdv_t,0.4637337460652522,2025,T_D_tkm_hdv_t,15.2374228046197,3.0
PEI,T_D_pkm_ldv_c,0.8588054694691197,2025,T_D_pkm_ldv_c,16.0,5.0
PEI,T_D_pkm_ldv_t,1.418474044798359,2025,T_D_pkm_ldv_t,16.0,9.0
NLLAB,T_D_tkm_mdv_t,0.486160745911804,2025,T_D_tkm_mdv_t,5.67722936038268,9.0
NB,T_D_tkm_mdv_t,0.5701432926083737,2025,T_D_tkm_mdv_t,5.83835412930847,10.0
NLLAB,T_D_pkm_ldv_c,1.8295181048793745,2025,T_D_pkm_ldv_c,16.0,11.0
PEI,T_D_tkm_ldv_t,0.1314814522031837,2025,T_D_tkm_ldv_t,1.08124835380983,12.0
NB,T_D_tkm_hdv_t,2.439251762503802,2025,T_D_tkm_hdv_t,19.003398908093,13.0
NS,T_D_tkm_mdv_t,0.8022662389672823,2025,T_D_tkm_mdv_t,5.95180738775713,13.0
NLLAB,T_D_tkm_hdv_t,3.1558357047058805,2025,T_D_tkm_hdv_t,17.2670061263365,18.0
NS,T_D_tkm_hdv_t,4.246351970785499,2025,T_D_tkm_hdv_t,20.2260502754178,21.0
NLLAB,T_D_tkm_ldv_t,0.4277518126923422,2025,T_D_tkm_ldv_t,1.39143924784798,31.0
NB,T_D_tkm_ldv_t,0.5638539219590415,2025,T_D_tkm_ldv_t,1.65682043403099,34.0
SK,T_D_pkm_ldv_c,3.5329204027566927,2025,T_D_pkm_ldv_c,10.27670264,34.0
AB,T_D_pkm_ldv_c,10.611646209965597,2025,T_D_pkm_ldv_c,27.986978196,38.0
ON,T_D_pkm_ldv_c,59.634427862130366,2025,T_D_pkm_ldv_c,146.205584924,41.0
NB,R_D_lgt,1.9517170629384588,2025,R_D_lgt,4.588494477307544,43.0
QC,R_D_lgt,16.695312187888984,2025,R_D_lgt,38.76847110990501,43.0
QC,T_D_pkm_ldv_c,37.87985458068908,2025,T_D_pkm_ldv_c,85.546062842,44.0
MB,T_D_pkm_ldv_c,4.641791067580824,2025,T_D_pkm_ldv_c,10.329847791,45.0
AB,R_D_lgt,8.296272388801635,2025,R_D_lgt,18.140280269238204,46.0
BC,T_D_pkm_ldv_c,16.813809107795915,2025,T_D_pkm_ldv_c,36.658460449,46.0
NS,T_D_tkm_ldv_t,0.8635757303269741,2025,T_D_tkm_ldv_t,1.84368407085209,47.0
BC,R_D_lgt,9.783931244997714,2025,R_D_lgt,20.73508532321481,47.0
NLLAB,R_D_lgt,1.0065017101292424,2025,R_D_lgt,2.1436487698109086,47.0
SK,R_D_lgt,2.153528174126187,2025,R_D_lgt,4.56894858172241,47.0
PEI,R_D_lgt,0.12961933661743305,2025,R_D_lgt,0.2707194365424392,48.0
ON,R_D_lgt,24.129578233393513,2025,R_D_lgt,49.94889613353933,48.0
NS,R_D_lgt,2.6334540272653704,2025,R_D_lgt,5.519343082430918,48.0
MB,R_D_lgt,3.6165722056402783,2025,R_D_lgt,7.597751056633107,48.0
AB,T_D_tkm_hdv_t,42.46023321578792,2025,T_D_tkm_hdv_t,73.745194687,58.0
AB,T_D_pkm_ldv_t,24.047192603054192,2025,T_D_pkm_ldv_t,39.939405418,60.0
AB,T_D_tkm_ldv_t,4.430243512563951,2025,T_D_tkm_ldv_t,7.286890141,61.0
SK,T_D_pkm_ldv_t,9.411900427088751,2025,T_D_pkm_ldv_t,15.548582596,61.0
SK,T_D_tkm_ldv_t,1.7310074658978791,2025,T_D_tkm_ldv_t,2.84955125,61.0
AB,T_D_tkm_mdv_t,11.385508644316658,2025,T_D_tkm_mdv_t,17.779058583,64.0
NS,R_D_app_cook_rng,0.01607364,2025,R_D_app_cook_rng,0.023539056162663316,68.0
AB,R_D_app_cook_rng,0.065185,2025,R_D_app_cook_rng,0.0956670437368439,68.0
AB,R_D_app_cwsh,0.05882812,2025,R_D_app_cwsh,0.08705701749576776,68.0
ON,T_D_pkm_ldv_t,101.69356647756145,2025,T_D_pkm_ldv_t,148.093136593,69.0
NB,R_D_app_cook_rng,0.013224320000000001,2025,R_D_app_cook_rng,0.019070463069963805,69.0
ON,T_D_tkm_ldv_t,11.03500854482128,2025,T_D_tkm_ldv_t,15.902986104,69.0
SK,R_D_app_cook_rng,0.0172792,2025,R_D_app_cook_rng,0.024577698374134403,70.0
MB,R_D_app_cook_rng,0.0200824,2025,R_D_app_cook_rng,0.02854352604698672,70.0
MB,T_D_tkm_hdv_t,11.623950826533186,2025,T_D_tkm_hdv_t,16.641111346,70.0
NB,R_D_app_cwsh,0.01295164,2025,R_D_app_cwsh,0.018116920333085852,71.0
BC,T_D_tkm_ldv_t,3.6259641191005243,2025,T_D_tkm_ldv_t,5.102981329,71.0
QC,T_D_tkm_hdv_t,49.37694131855568,2025,T_D_tkm_hdv_t,68.469483336,72.0
BC,T_D_pkm_ldv_t,28.688139657833364,2025,T_D_pkm_ldv_t,39.987979077,72.0
NS,R_D_app_cwsh,0.01472008,2025,R_D_app_cwsh,0.020478969401175027,72.0
BC,R_D_app_cwsh,0.07750600000000002,2025,R_D_app_cwsh,0.10722371195263025,72.0
AB,R_D_app_cdry,0.06863280666666668,2025,R_D_app_cdry,0.09375371114928838,73.0
MB,T_D_pkm_ldv_t,10.46045093106249,2025,T_D_pkm_ldv_t,14.368592582,73.0
AB,R_D_wah,24.077570997852693,2025,R_D_wah,32.76300497994753,73.0
SK,R_D_app_cwsh,0.016739200000000003,2025,R_D_app_cwsh,0.022857233816706478,73.0
BC,R_D_app_cook_rng,0.08588124333333334,2025,R_D_app_cook_rng,0.11782832604055436,73.0
MB,R_D_app_cwsh,0.017805039999999998,2025,R_D_app_cwsh,0.024304400408580184,73.0
MB,T_D_tkm_ldv_t,1.1241685802747015,2025,T_D_tkm_ldv_t,1.536180708,73.0
ON,R_D_app_cwsh,0.19524476000000002,2025,R_D_app_cwsh,0.26865560741427075,73.0
ON,R_D_app_cook_rng,0.23514597333333337,2025,R_D_app_cook_rng,0.3198281066855489,74.0
ON,T_D_tkm_mdv_t,9.72825469044134,2025,T_D_tkm_mdv_t,13.143088209,74.0
PEI,C_D_spc,1.311411486301496,2025,C_D_spc,1.7830811797092834,74.0
QC,C_D_spc,30.631305068746382,2025,C_D_spc,41.6483339886337,74.0
SK,T_D_tkm_mdv_t,3.2274854325693774,2025,T_D_tkm_mdv_t,4.343773098,74.0
NLLAB,C_D_spc,3.904205892589026,2025,C_D_spc,5.308414728331203,74.0
NB,C_D_sph,5.798331837303374,2025,C_D_sph,7.870927360380254,74.0
MB,R_D_app_cdry,0.018391619999999997,2025,R_D_app_cdry,0.024869577119509705,74.0
NB,C_D_spc,4.580094770476396,2025,C_D_spc,6.2273976336393275,74.0
NS,C_D_spc,5.445015934677496,2025,C_D_spc,7.403401249536179,74.0
MB,C_D_sph,33.03173378523552,2025,C_D_sph,43.91565850805712,75.0
SK,T_D_tkm_hdv_t,18.914478532906166,2025,T_D_tkm_hdv_t,25.337738713,75.0
ON,T_D_tkm_hdv_t,82.21417433131096,2025,T_D_tkm_hdv_t,110.047817504,75.0
QC,R_D_app_cwsh,0.14095668,2025,R_D_app_cwsh,0.18625012163194113,76.0
QC,R_D_app_cook_rng,0.15032880333333334,2025,R_D_app_cook_rng,0.19813843401523337,76.0
PEI,R_D_sph,2.1443916376,2025,R_D_sph,2.8115677204502814,76.0
NB,R_D_app_cdry,0.013144776666666668,2025,R_D_app_cdry,0.016972691429837754,77.0
SK,C_D_sph,29.414929263408283,2025,C_D_sph,38.17745603063988,77.0
BC,C_D_sph,50.41460140360542,2025,C_D_sph,65.86632812188034,77.0
PEI,R_D_spc,0.05173451130403799,2025,R_D_spc,0.06717494321991518,77.0
QC,T_D_tkm_mdv_t,5.960660857102069,2025,T_D_tkm_mdv_t,7.774862803,77.0
NLLAB,R_D_app_cook_rng,0.00889028,2025,R_D_app_cook_rng,0.0114276138703146,78.0
BC,R_D_app_cdry,0.09042370999999999,2025,R_D_app_cdry,0.11547174513212678,78.0
QC,C_D_sph,99.80901750301422,2025,C_D_sph,128.13150284657223,78.0
MB,C_D_spc,4.06974819752284,2025,C_D_spc,5.226080422180796,78.0
SK,C_D_spc,2.5760259279624282,2025,C_D_spc,3.307948800701941,78.0
NS,R_D_spc,0.8378354186794419,2025,R_D_spc,1.0808632910759615,78.0
NS,R_D_app_cdry,0.01521359666666667,2025,R_D_app_cdry,0.019537442770073892,78.0
ON,C_D_spc,80.22915888104765,2025,C_D_spc,103.02456470684943,78.0
NB,R_D_spc,1.13583523122672,2025,R_D_spc,1.434230326091404,79.0
AB,R_D_app_dsh,0.06335336,2025,R_D_app_dsh,0.08036032384224716,79.0
PEI,R_D_wah,0.48395793323133374,2025,R_D_wah,0.6089885176311627,79.0
ON,R_D_app_cdry,0.19892496,2025,R_D_app_cdry,0.2526641910720418,79.0
SK,R_D_app_cdry,0.023008960000000002,2025,R_D_app_cdry,0.029001726684810596,79.0
AB,C_D_sph,118.0795112243844,2025,C_D_sph,150.11762905724075,79.0
NLLAB,R_D_app_cwsh,0.00853108,2025,R_D_app_cwsh,0.010856238267004692,79.0
NS,R_D_sph,17.9678267176,2025,R_D_sph,22.321957625047872,80.0
NS,C_D_sph,8.694079624496966,2025,C_D_sph,10.8713142377749,80.0
BC,R_D_wah,25.212666089807897,2025,R_D_wah,31.53812155369374,80.0
SK,R_D_wah,5.881570043854258,2025,R_D_wah,7.3636231350489965,80.0
ON,R_D_wah,49.8765577319129,2025,R_D_wah,62.611023370256675,80.0
BC,T_D_tkm_mdv_t,10.275503603698821,2025,T_D_tkm_mdv_t,12.787445814,80.0
NB,R_D_sph,15.3536768124,2025,R_D_sph,19.01994873782197,81.0
ON,C_D_sph,227.31574357432936,2025,C_D_sph,279.81491261792434,81.0
MB,T_D_tkm_mdv_t,0.9269657798822952,2025,T_D_tkm_mdv_t,1.138394298,81.0
QC,R_D_app_cdry,0.13808257666666668,2025,R_D_app_cdry,0.16841767948357883,82.0
NLLAB,C_D_sph,6.606404345772492,2025,C_D_sph,8.074380436553684,82.0
BC,C_D_spc,29.4550378876343,2025,C_D_spc,35.833319262348546,82.0
AB,R_D_sph,121.32876143760002,2025,R_D_sph,145.5117771681281,83.0
AB,R_D_spc,1.7486908166095478,2025,R_D_spc,2.1190870261236605,83.0
NB,R_D_wah,3.2427715121523573,2025,R_D_wah,3.8977136456344543,83.0
NB,R_D_app_dsh,0.010497666666666666,2025,R_D_app_dsh,0.012586517935729106,83.0
MB,R_D_wah,6.025719241564664,2025,R_D_wah,7.301649023956325,83.0
AB,R_D_app_ref,0.10424214999999999,2025,R_D_app_ref,0.12341051424178025,84.0
NS,R_D_app_dsh,0.012041166666666667,2025,R_D_app_dsh,0.014358851527269382,84.0
BC,R_D_app_dsh,0.083468,2025,R_D_app_dsh,0.09897573411012021,84.0
NS,R_D_wah,3.7740579411424253,2025,R_D_wah,4.514468502860461,84.0
BC,T_D_tkm_hdv_t,22.082239843548724,2025,T_D_tkm_hdv_t,26.378217164,84.0
QC,T_D_tkm_ldv_t,6.746233351779567,2025,T_D_tkm_ldv_t,7.991182584,84.0
AB,R_D_app_frz,0.06222205000000001,2025,R_D_app_frz,0.07366363018872658,84.0
QC,R_D_sph,167.99237582760003,2025,R_D_sph,196.69699966633988,85.0
SK,R_D_app_dsh,0.01616925333333333,2025,R_D_app_dsh,0.018924837033425075,85.0
MB,R_D_app_dsh,0.01666634666666667,2025,R_D_app_dsh,0.019500043458074105,85.0
PEI,C_D_sph,0.8815698601336346,2025,C_D_sph,1.0319735194967044,85.0
ON,R_D_app_dsh,0.1898212866666667,2025,R_D_app_dsh,0.22387966367193268,85.0
QC,T_D_pkm_ldv_t,53.43135267668144,2025,T_D_pkm_ldv_t,63.099406866,85.0
NLLAB,R_D_app_cdry,0.009047436666666667,2025,R_D_app_cdry,0.010627688025680726,85.0
BC,R_D_sph,71.97595196573333,2025,R_D_sph,83.42511585958601,86.0
BC,R_D_spc,9.462557439127433,2025,R_D_spc,11.058386389948648,86.0
MB,R_D_sph,28.721192443733337,2025,R_D_sph,33.03353420068715,87.0
NLLAB,R_D_sph,10.6102575056,2025,R_D_sph,12.16383626758886,87.0
QC,R_D_wah,36.61824140834932,2025,R_D_wah,41.69387084065791,88.0
QC,R_D_app_dsh,0.11721397333333333,2025,R_D_app_dsh,0.13275274233370202,88.0
QC,R_D_spc,30.467078089387936,2025,R_D_spc,34.21678425407542,89.0
NB,R_D_app_ref,0.02096125,2025,R_D_app_ref,0.02345669251658606,89.0
NB,R_D_app_frz,0.010736250000000001,2025,R_D_app_frz,0.012014403484105055,89.0
ON,R_D_sph,274.97431732986666,2025,R_D_sph,310.4459459594049,89.0
MB,R_D_spc,7.100581417254741,2025,R_D_spc,7.861974102981197,90.0
SK,R_D_sph,30.616202222400002,2025,R_D_sph,33.988041461723114,90.0
ON,R_D_spc,70.58715229311899,2025,R_D_spc,78.55788390617688,90.0
BC,R_D_app_ref,0.13733895000000002,2025,R_D_app_ref,0.15199847252782173,90.0
BC,R_D_app_frz,0.08197750000000001,2025,R_D_app_frz,0.09072775626761019,90.0
NS,R_D_app_ref,0.024956450000000005,2025,R_D_app_ref,0.027776065125295766,90.0
NS,R_D_app_frz,0.011914250000000001,2025,R_D_app_frz,0.013260338867068636,90.0
SK,R_D_spc,2.850421933067248,2025,R_D_spc,3.1420757352792164,91.0
ON,R_D_app_ref,0.39513825,2025,R_D_app_ref,0.434966271325743,91.0
ON,R_D_app_frz,0.16560940000000002,2025,R_D_app_frz,0.1823020252139435,91.0
NLLAB,R_D_wah,1.867608017777388,2025,R_D_wah,2.037648503425049,92.0
MB,R_D_app_ref,0.036231150000000004,2025,R_D_app_ref,0.039565263627077726,92.0
NLLAB,R_D_app_dsh,0.006076513333333334,2025,R_D_app_dsh,0.006628007900453157,92.0
SK,R_D_app_frz,0.019574100000000004,2025,R_D_app_frz,0.021382612332804165,92.0
SK,R_D_app_ref,0.03149855000000001,2025,R_D_app_ref,0.03440879957165073,92.0
MB,R_D_app_frz,0.02018595,2025,R_D_app_frz,0.02204352976135203,92.0
NLLAB,R_D_spc,0.24480765979291197,2025,R_D_spc,0.2609535237505313,94.0
QC,R_D_app_ref,0.24742395,2025,R_D_app_ref,0.2615427138729733,95.0
QC,R_D_app_frz,0.1087166,2025,R_D_app_frz,0.1149203001853397,95.0
NLLAB,R_D_app_ref,0.013470099999999999,2025,R_D_app_ref,0.013713116283554238,98.0
NLLAB,R_D_app_frz,0.0098781,2025,R_D_app_frz,0.010056312422370817,98.0
NB,T_D_pkm_ldv_t,6.090883559154013,2025,T_D_pkm_ldv_t,4.42599215101158,138.0
NS,T_D_pkm_ldv_t,9.294105496001485,2025,T_D_pkm_ldv_t,6.26580316105026,148.0
NS,T_D_pkm_ldv_c,5.8099151974208345,2025,T_D_pkm_ldv_c,2.32851085745817,250.0
NLLAB,T_D_pkm_ldv_t,4.660461642239816,2025,T_D_pkm_ldv_t,1.81311766936973,257.0
NB,T_D_pkm_ldv_c,3.1984245937399294,2025,T_D_pkm_ldv_c,0.341994453758629,935.0
