,scenario,region,sector,period,tech,vintage,capacity
5,zulu,ON,transportation,2045,T_LDV_C_CNG_N,2035,0.00020727901505683606
6,zulu,ON,transportation,2050,T_LDV_LTP_GSL_HEV_N,2045,1731.4444071621756
17,zulu,ON,transportation,2035,T_LDV_C_BEV300_N,2025,0.00048011373969673166
20,zulu,ON,transportation,2040,T_LDV_C_BEV150_N,2035,44.820792113633395
27,zulu,ON,transportation,2040,T_LDV_LTP_BEV150_N,2035,0.0005733206528854059
29,zulu,ON,transportation,2045,T_LDV_C_GSL_PHEV50_N,2045,0.00043314532346907164
36,zulu,ON,transportation,2045,T_LDV_LTP_BEV150_N,2030,3.914853654640351e-05
38,zulu,ON,transportation,2045,T_LDV_C_FCEV400_N,2035,0.00026176563594954445
41,zulu,ON,transportation,2040,T_LDV_LTP_GSL_PHEV50_N,2035,0.0013871284691697233
44,zulu,ON,transportation,2050,T_LDV_LTP_BEV300_N,2040,0.000816363032675981
49,zulu,ON,transportation,2045,T_LDV_C_GSL_PHEV35_N,2040,0.001040929976912929
54,zulu,ON,transportation,2040,T_LDV_LTP_BEV200_N,2040,0.0005442433610892902
61,zulu,ON,transportation,2045,T_LDV_LTP_BEV200_N,2035,0.0011466294035684076
66,zulu,ON,transportation,2050,T_LDV_LTP_GSL_HEV_N,2035,381.5433105072574
78,zulu,ON,transportation,2040,T_LDV_LTP_BEV150_N,2025,1.1922145940011105e-05
83,zulu,ON,transportation,2045,T_LDV_C_GSL_PHEV50_N,2035,0.0006317362515906762
91,zulu,ON,transportation,2050,T_LDV_LTP_FCEV400_N,2050,0.0005596200044202652
103,zulu,ON,transportation,2040,T_LDV_LTP_BEV200_N,2030,0.00039147458953435905
109,zulu,ON,transportation,2030,T_LDV_C_FCEV400_N,2025,0.00013813974599346116
111,zulu,ON,transportation,2030,T_LDV_C_GSL_PHEV35_N,2030,0.027539504480867654
122,zulu,ON,transportation,2030,T_LDV_C_DSL_N,2030,0.00016551995456853217
128,zulu,ON,transportation,2025,T_LDV_LTP_DSL_EX,2015,56.380804259
132,zulu,ON,transportation,2030,T_LDV_LTP_DSL_N,2025,0.00017007152253159305
150,zulu,ON,transportation,2050,T_LDV_LTP_FCEV400_N,2040,0.0004655917230519959
153,zulu,ON,transportation,2030,T_LDV_C_GSL_PHEV50_N,2025,0.0007957052180708753
182,zulu,ON,transportation,2025,T_LDV_C_BEV200_N,2025,0.00040009840945361987
183,zulu,ON,transportation,2030,T_LDV_LTP_BEV300_N,2025,0.00017878867788052714
198,zulu,ON,transportation,2035,T_LDV_LTP_GSL_HEV_EX,2020,3.5731616094000005
199,zulu,ON,transportation,2040,T_LDV_LTP_GSL_PHEV35_N,2040,32.22928394706088
201,zulu,ON,transportation,2025,T_LDV_LTP_GSL_HEV_N,2025,0.0011161374012745747
207,zulu,ON,transportation,2040,T_LDV_LTP_CNG_N,2030,0.00047062152367972155
220,zulu,ON,transportation,2045,T_LDV_C_BEV300_N,2045,608.3531390182574
237,zulu,ON,transportation,2050,T_LDV_LTP_BEV400_N,2050,0.0015311161752266063
239,zulu,ON,transportation,2025,T_LDV_C_GSL_EX,2015,1085.7056348896
255,zulu,ON,transportation,2035,T_LDV_LTP_GSL_N,2030,0.00022995707600845103
262,zulu,ON,transportation,2030,T_LDV_LTP_GSL_PHEV35_EX,2015,0.016372236800000002
281,zulu,ON,transportation,2035,T_LDV_LTP_DSL_N,2035,0.00020714415918377354
287,zulu,ON,transportation,2045,T_LDV_C_BEV300_N,2035,107.5699010678982
288,zulu,ON,transportation,2030,T_LDV_C_BEV300_N,2030,0.0017135900735436222
303,zulu,ON,transportation,2025,T_LDV_C_DSL_EX,2020,3.81484961
305,zulu,ON,transportation,2050,T_LDV_LTP_BEV400_N,2040,0.001088482268871087
306,zulu,ON,transportation,2035,T_LDV_C_GSL_N,2035,0.00020446986447642088
309,zulu,ON,transportation,2030,T_LDV_LTP_FCEV400_N,2025,0.0001532312664949973
331,zulu,ON,transportation,2025,T_LDV_LTP_GSL_EX,2015,1281.35795142
335,zulu,ON,transportation,2035,T_LDV_LTP_BEV300_N,2035,0.0017199376756484388
345,zulu,ON,transportation,2035,T_LDV_C_BEV200_N,2030,0.0011423964986425172
355,zulu,ON,transportation,2045,T_LDV_LTP_CNG_N,2040,0.0003867685653680833
357,zulu,ON,transportation,2040,T_LDV_C_GSL_PHEV50_N,2040,0.0006220046295734444
360,zulu,ON,transportation,2035,T_LDV_C_GSL_N,2025,0.00022427266121105062
361,zulu,ON,transportation,2035,T_LDV_LTP_GSL_HEV_N,2030,0.00135927611383629
372,zulu,ON,transportation,2040,T_LDV_C_FCEV400_N,2030,0.00023150169281718378
376,zulu,ON,transportation,2040,T_LDV_C_GSL_PHEV35_N,2035,0.0012320449067291205
377,zulu,ON,transportation,2035,T_LDV_C_BEV150_N,2030,0.0005712077680632059
390,zulu,ON,transportation,2040,T_LDV_C_DSL_N,2035,0.00020015283594667656
404,zulu,ON,transportation,2035,T_LDV_LTP_GSL_PHEV50_N,2030,0.0015881943230149555
412,zulu,ON,transportation,2040,T_LDV_C_GSL_PHEV50_N,2030,0.0008079205209164192
441,zulu,ON,transportation,2025,T_LDV_C_GSL_PHEV35_N,2025,0.0023822805455799285
443,zulu,ON,transportation,2045,T_LDV_LTP_BEV150_N,2045,0.0010960945357175146
445,zulu,ON,transportation,2030,T_LDV_LTP_BEV400_N,2025,0.00023837820116165895
453,zulu,ON,transportation,2025,T_LDV_C_DSL_N,2025,0.0002831281540222464
457,zulu,ON,transportation,2050,T_LDV_C_BEV200_N,2050,569.2580492537135
459,zulu,ON,transportation,2045,T_LDV_LTP_GSL_N,2045,0.00022572710381212914
468,zulu,ON,transportation,2050,T_LDV_C_GSL_N,2045,0.00022654210922511147
470,zulu,ON,transportation,2025,T_LDV_C_GSL_PHEV35_EX,2020,22.742305975999997
474,zulu,ON,transportation,2035,T_LDV_LTP_GSL_EX,2020,314.002142346
490,zulu,ON,transportation,2050,T_LDV_C_GSL_HEV_N,2050,5.987719621350436
501,zulu,ON,transportation,2050,T_LDV_C_BEV150_N,2050,284.6290246612981
506,zulu,ON,transportation,2045,T_LDV_LTP_BEV150_N,2035,0.0005733206528854059
508,zulu,ON,transportation,2045,T_LDV_C_FCEV400_N,2040,0.0006405976859772153
518,zulu,ON,transportation,2050,T_LDV_LTP_GSL_PHEV50_N,2050,0.0015222775791003977
519,zulu,ON,transportation,2045,T_LDV_LTP_GSL_N,2035,0.00025584931690482014
528,zulu,ON,transportation,2045,T_LDV_LTP_BEV200_N,2040,0.0005442433610892902
529,zulu,ON,transportation,2045,T_LDV_C_DSL_N,2045,0.00013297373755831915
530,zulu,ON,transportation,2030,T_LDV_LTP_GSL_HEV_EX,2015,0.6586895914
547,zulu,ON,transportation,2050,T_LDV_C_GSL_HEV_N,2040,240.1591058863927
549,zulu,ON,transportation,2045,T_LDV_LTP_DSL_N,2045,0.00014287227583912237
553,zulu,ON,transportation,2050,T_LDV_C_BEV150_N,2040,189.21831434449533
555,zulu,ON,transportation,2040,T_LDV_C_BEV300_N,2040,709.5686786914905
561,zulu,ON,transportation,2045,T_LDV_LTP_GSL_HEV_N,2045,1731.4444071621756
564,zulu,ON,transportation,2040,T_LDV_LTP_FCEV400_N,2030,0.0006048952100481882
577,zulu,ON,transportation,2050,T_LDV_LTP_GSL_PHEV50_N,2040,0.0007655617016842035
586,zulu,ON,transportation,2035,T_LDV_LTP_BEV400_N,2035,0.0022932365507247494
591,zulu,ON,transportation,2030,T_LDV_LTP_GSL_N,2025,0.0002168461392712559
598,zulu,ON,transportation,2045,T_LDV_LTP_BEV300_N,2045,0.0032882731736998583
601,zulu,ON,transportation,2045,T_LDV_LTP_DSL_N,2035,0.00020714415918377354
604,zulu,ON,transportation,2040,T_LDV_C_BEV300_N,2030,0.0013708720588348979
606,zulu,ON,transportation,2025,T_LDV_C_BEV300_N,2025,0.0006001421746209145
611,zulu,ON,transportation,2045,T_LDV_LTP_GSL_HEV_N,2035,1907.7165525362868
630,zulu,ON,transportation,2030,T_LDV_C_GSL_N,2030,0.00021977696671381813
640,zulu,ON,transportation,2035,T_LDV_LTP_GSL_PHEV35_N,2030,1299.2646081531423
654,zulu,ON,transportation,2040,T_LDV_C_BEV200_N,2035,89.64158422410249
655,zulu,ON,transportation,2045,T_LDV_LTP_BEV300_N,2035,0.0017199376756484388
656,zulu,ON,transportation,2030,T_LDV_LTP_BEV300_N,2030,0.0005872076042042051
676,zulu,ON,transportation,2040,T_LDV_LTP_CNG_N,2035,0.000602024763377938
681,zulu,ON,transportation,2030,T_LDV_LTP_GSL_HEV_N,2025,0.0011161374012745747
693,zulu,ON,transportation,2045,T_LDV_LTP_FCEV400_N,2040,0.0004655917230519959
697,zulu,ON,transportation,2030,T_LDV_C_BEV150_N,2025,0.0002000555209483085
705,zulu,ON,transportation,2030,T_LDV_LTP_BEV150_N,2025,5.961072970005552e-05
711,zulu,ON,transportation,2025,T_LDV_C_BEV400_N,2025,0.0008001858232430352
722,zulu,ON,transportation,2030,T_LDV_LTP_GSL_PHEV50_N,2025,0.001079028347725674
730,zulu,ON,transportation,2025,T_LDV_C_BEV150_EX,2020,37.180792833
734,zulu,ON,transportation,2030,T_LDV_LTP_BEV200_N,2030,0.00039147458953435905
749,zulu,ON,transportation,2050,T_LDV_LTP_CNG_N,2035,0.0001204049526755876
751,zulu,ON,transportation,2030,T_LDV_C_CNG_N,2025,0.0005022776375275751
752,zulu,ON,transportation,2050,T_LDV_LTP_GSL_PHEV35_N,2050,0.9734211256361647
781,zulu,ON,transportation,2030,T_LDV_C_DSL_EX,2020,3.051879688
793,zulu,ON,transportation,2025,T_LDV_LTP_BEV300_EX,2015,0.07185589
798,zulu,ON,transportation,2040,T_LDV_LTP_GSL_N,2040,0.00024342749064425184
802,zulu,ON,transportation,2035,T_LDV_C_GSL_PHEV35_N,2025,0.0019058244364639429
805,zulu,ON,transportation,2025,T_LDV_LTP_GSL_HEV_EX,2020,17.865808047
808,zulu,ON,transportation,2030,T_LDV_LTP_GSL_EX,2015,256.271590284
810,zulu,ON,transportation,2050,T_LDV_LTP_GSL_PHEV35_N,2040,32.22928394706088
812,zulu,ON,transportation,2030,T_LDV_C_GSL_HEV_EX,2020,38.084350047200004
831,zulu,ON,transportation,2035,T_LDV_C_GSL_HEV_N,2035,1868.0569577956553
837,zulu,ON,transportation,2045,T_LDV_LTP_BEV400_N,2040,0.001088482268871087
840,zulu,ON,transportation,2040,T_LDV_LTP_GSL_N,2030,0.00022995707600845103
848,zulu,ON,transportation,2040,T_LDV_C_DSL_N,2040,0.00017580881295669194
850,zulu,ON,transportation,2045,T_LDV_C_BEV400_N,2040,946.0915715893268
857,zulu,ON,transportation,2035,T_LDV_C_BEV400_N,2030,0.0022847833967645902
860,zulu,ON,transportation,2040,T_LDV_LTP_DSL_N,2040,0.00012538875477413288
870,zulu,ON,transportation,2050,T_LDV_C_CNG_N,2040,0.00028524718928303383
875,zulu,ON,transportation,2040,T_LDV_C_GSL_N,2035,0.00020446986447642088
876,zulu,ON,transportation,2040,T_LDV_LTP_GSL_HEV_N,2040,1984.8116678739302
880,zulu,ON,transportation,2025,T_LDV_LTP_CNG_N,2025,0.0009074092251452712
888,zulu,ON,transportation,2035,T_LDV_C_GSL_HEV_N,2025,1951.8340779796993
895,zulu,ON,transportation,2045,T_LDV_LTP_BEV400_N,2030,0.000156587992957391
907,zulu,ON,transportation,2030,T_LDV_LTP_BEV400_N,2030,0.0007829399647869549
911,zulu,ON,transportation,2050,T_LDV_C_GSL_PHEV35_N,2045,0.0008688623274416342
914,zulu,ON,transportation,2050,T_LDV_LTP_BEV200_N,2035,0.0002293258807136815
917,zulu,ON,transportation,2040,T_LDV_LTP_BEV300_N,2040,0.000816363032675981
918,zulu,ON,transportation,2040,T_LDV_LTP_DSL_N,2030,0.0001532743347821315
922,zulu,ON,transportation,2035,T_LDV_LTP_BEV300_EX,2020,0.8753039166000001
932,zulu,ON,transportation,2040,T_LDV_LTP_GSL_HEV_N,2030,0.00135927611383629
952,zulu,ON,transportation,2050,T_LDV_C_GSL_PHEV50_N,2040,0.0004976037036587555
953,zulu,ON,transportation,2030,T_LDV_LTP_GSL_PHEV35_N,2025,1636.3136800032535
959,zulu,ON,transportation,2035,T_LDV_LTP_DSL_EX,2020,11.619078883
986,zulu,ON,transportation,2040,T_LDV_LTP_BEV300_N,2030,0.0005872076042042051
989,zulu,ON,transportation,2050,T_LDV_C_BEV400_N,2050,1138.5160985009516
1004,zulu,ON,transportation,2040,T_LDV_C_CNG_N,2030,0.00021169604092073716
1017,zulu,ON,transportation,2045,T_LDV_C_GSL_N,2045,0.00022654210922511147
1019,zulu,ON,transportation,2040,T_LDV_LTP_FCEV400_N,2035,0.0001826910779075969
1032,zulu,ON,transportation,2035,T_LDV_LTP_CNG_N,2030,0.00047062152367972155
1039,zulu,ON,transportation,2050,T_LDV_C_BEV400_N,2040,756.8732572714615
1046,zulu,ON,transportation,2040,T_LDV_LTP_GSL_PHEV50_N,2025,0.00021580566954513484
1052,zulu,ON,transportation,2025,T_LDV_LTP_BEV200_N,2025,0.00011919957153541754
1062,zulu,ON,transportation,2045,T_LDV_C_BEV200_N,2045,405.5687593766407
1074,zulu,ON,transportation,2050,T_LDV_C_BEV300_N,2045,608.3531390182574
1084,zulu,ON,transportation,2045,T_LDV_C_GSL_HEV_N,2040,300.19888235799084
1093,zulu,ON,transportation,2035,T_LDV_LTP_GSL_PHEV35_N,2035,59.223774685128255
1102,zulu,ON,transportation,2045,T_LDV_C_BEV150_N,2045,202.78437967478686
1116,zulu,ON,transportation,2035,T_LDV_LTP_BEV150_N,2035,0.0005733206528854059
1120,zulu,ON,transportation,2045,T_LDV_LTP_GSL_PHEV50_N,2045,0.0006231639559872333
1123,zulu,ON,transportation,2025,T_LDV_C_GSL_HEV_EX,2015,24.4895650144
1139,zulu,ON,transportation,2050,T_LDV_LTP_CNG_N,2050,0.0004710933746654432
1145,zulu,ON,transportation,2030,T_LDV_C_GSL_HEV_N,2030,1492.7605628443828
1146,zulu,ON,transportation,2045,T_LDV_C_BEV150_N,2035,35.85663369090672
1151,zulu,ON,transportation,2035,T_LDV_C_CNG_N,2035,0.00025909876882104505
1152,zulu,ON,transportation,2040,T_LDV_LTP_BEV400_N,2035,0.0022932365507247494
1165,zulu,ON,transportation,2040,T_LDV_C_BEV400_N,2035,179.28316847554066
1167,zulu,ON,transportation,2035,T_LDV_LTP_BEV150_N,2025,5.961072970005552e-05
1170,zulu,ON,transportation,2045,T_LDV_LTP_GSL_PHEV50_N,2035,0.0013871284691697233
1179,zulu,ON,transportation,2035,T_LDV_C_FCEV400_N,2035,0.0003272070449369305
1187,zulu,ON,transportation,2025,T_LDV_LTP_GSL_PHEV35_EX,2020,4.427121345
1194,zulu,ON,transportation,2035,T_LDV_LTP_BEV200_N,2030,0.00039147458953435905
1195,zulu,ON,transportation,2040,T_LDV_LTP_GSL_PHEV35_N,2030,1299.2646081531423
1212,zulu,ON,transportation,2035,T_LDV_C_CNG_N,2025,0.00040182211002206007
1232,zulu,ON,transportation,2035,T_LDV_C_GSL_PHEV50_N,2035,0.0007896703144883452
1234,zulu,ON,transportation,2025,T_LDV_LTP_BEV300_EX,2020,4.376519583
1253,zulu,ON,transportation,2035,T_LDV_C_FCEV400_N,2025,0.00011051179679476893
1256,zulu,ON,transportation,2035,T_LDV_C_GSL_PHEV35_N,2030,0.027539504480867654
1282,zulu,ON,transportation,2035,T_LDV_C_DSL_N,2030,0.00016551995456853217
1289,zulu,ON,transportation,2030,T_LDV_LTP_DSL_EX,2015,11.2761608518
1290,zulu,ON,transportation,2035,T_LDV_LTP_DSL_N,2025,0.00017007152253159305
1314,zulu,ON,transportation,2035,T_LDV_C_GSL_PHEV50_N,2025,0.0006365641744567003
1315,zulu,ON,transportation,2050,T_LDV_LTP_BEV150_N,2045,0.0010960945357175146
1335,zulu,ON,transportation,2050,T_LDV_LTP_BEV200_N,2050,0.0007655607561795575
1343,zulu,ON,transportation,2050,T_LDV_LTP_GSL_N,2050,0.0002904439818720056
1346,zulu,ON,transportation,2030,T_LDV_C_BEV200_N,2025,0.00040009840945361987
1347,zulu,ON,transportation,2035,T_LDV_LTP_BEV300_N,2025,0.00017878867788052714
1352,zulu,ON,transportation,2050,T_LDV_C_CNG_N,2045,0.00024225485358362632
1357,zulu,ON,transportation,2040,T_LDV_C_GSL_N,2040,0.0003149548863924849
1363,zulu,ON,transportation,2045,T_LDV_LTP_GSL_PHEV35_N,2040,32.22928394706088
1370,zulu,ON,transportation,2045,T_LDV_LTP_CNG_N,2030,9.412430473594432e-05
1372,zulu,ON,transportation,2030,T_LDV_LTP_CNG_N,2025,0.0009074092251452712
1387,zulu,ON,transportation,2050,T_LDV_C_FCEV400_N,2045,0.027070586683102933
1401,zulu,ON,transportation,2050,T_LDV_LTP_GSL_N,2040,0.00024342749064425184
1402,zulu,ON,transportation,2035,T_LDV_LTP_FCEV400_N,2035,0.0001826910779075969
1406,zulu,ON,transportation,2050,T_LDV_C_DSL_N,2050,0.000162568876781022
1415,zulu,ON,transportation,2050,T_LDV_LTP_DSL_N,2045,0.00014287227583912237
1425,zulu,ON,transportation,2040,T_LDV_C_GSL_HEV_N,2035,1868.0569577956553
1433,zulu,ON,transportation,2045,T_LDV_C_CNG_N,2040,0.0003565589866037923
1437,zulu,ON,transportation,2050,T_LDV_LTP_GSL_HEV_N,2050,2255.9352515331466
1445,zulu,ON,transportation,2035,T_LDV_C_BEV300_N,2030,0.0017135900735436222
1446,zulu,ON,transportation,2040,T_LDV_C_BEV150_N,2040,236.52289293061915
1454,zulu,ON,transportation,2040,T_LDV_LTP_BEV150_N,2040,0.0002721244071694528
1459,zulu,ON,transportation,2035,T_LDV_LTP_FCEV400_N,2025,0.0001532312664949973
1465,zulu,ON,transportation,2050,T_LDV_C_DSL_N,2040,0.00014064705036535355
1466,zulu,ON,transportation,2040,T_LDV_LTP_GSL_PHEV50_N,2040,0.0007655617016842035
1469,zulu,ON,transportation,2050,T_LDV_LTP_BEV300_N,2045,0.0032882731736998583
1472,zulu,ON,transportation,2050,T_LDV_LTP_DSL_N,2035,4.142883183675471e-05
1473,zulu,ON,transportation,2045,T_LDV_C_GSL_PHEV35_N,2045,0.0008688623274416342
1479,zulu,ON,transportation,2050,T_LDV_C_BEV200_N,2040,378.43662863547837
1487,zulu,ON,transportation,2050,T_LDV_LTP_GSL_HEV_N,2040,1984.8116678739302
1495,zulu,ON,transportation,2040,T_LDV_C_BEV150_N,2030,0.0004569662144505648
1501,zulu,ON,transportation,2040,T_LDV_LTP_BEV150_N,2030,0.00019574268273201754
1504,zulu,ON,transportation,2045,T_LDV_C_GSL_PHEV50_N,2040,0.0006220046295734444
1515,zulu,ON,transportation,2040,T_LDV_LTP_GSL_PHEV50_N,2030,0.0015881943230149555
1517,zulu,ON,transportation,2050,T_LDV_LTP_BEV300_N,2035,0.00034398753512968777
1520,zulu,ON,transportation,2045,T_LDV_C_GSL_PHEV35_N,2035,0.0009856359253832964
1525,zulu,ON,transportation,2040,T_LDV_LTP_BEV200_N,2035,0.0011466294035684076
1527,zulu,ON,transportation,2030,T_LDV_C_FCEV400_N,2030,0.0002893771160214797
1533,zulu,ON,transportation,2045,T_LDV_LTP_BEV200_N,2030,7.829491790687181e-05
1534,zulu,ON,transportation,2045,T_LDV_C_DSL_N,2035,0.00016012226875734126
1550,zulu,ON,transportation,2025,T_LDV_LTP_DSL_EX,2020,58.095394415
1552,zulu,ON,transportation,2030,T_LDV_LTP_DSL_N,2030,0.0001532743347821315
1571,zulu,ON,transportation,2050,T_LDV_LTP_FCEV400_N,2045,0.0023651903740549247
1573,zulu,ON,transportation,2030,T_LDV_C_GSL_PHEV50_N,2030,0.001009900651145524
1586,zulu,ON,transportation,2040,T_LDV_LTP_BEV200_N,2025,2.3839914307083508e-05
1599,zulu,ON,transportation,2035,T_LDV_LTP_BEV400_N,2025,0.00023837820116165895
1604,zulu,ON,transportation,2025,T_LDV_LTP_DSL_N,2025,0.00017007152253159305
1606,zulu,ON,transportation,2030,T_LDV_C_DSL_N,2025,0.0002831281540222464
1611,zulu,ON,transportation,2025,T_LDV_LTP_DSL_EX,2010,4.991963587200001
1624,zulu,ON,transportation,2025,T_LDV_C_GSL_N,2025,0.00028034082651381324
1634,zulu,ON,transportation,2050,T_LDV_LTP_FCEV400_N,2035,3.653821558151938e-05
1635,zulu,ON,transportation,2030,T_LDV_C_GSL_PHEV35_EX,2020,18.1938447808
1673,zulu,ON,transportation,2025,T_LDV_C_GSL_EX,2020,1658.203203455
1689,zulu,ON,transportation,2040,T_LDV_LTP_GSL_PHEV35_N,2035,59.223774685128255
1692,zulu,ON,transportation,2035,T_LDV_LTP_GSL_N,2035,0.00025584931690482014
1695,zulu,ON,transportation,2030,T_LDV_LTP_GSL_PHEV35_EX,2020,4.427121345
1701,zulu,ON,transportation,2040,T_LDV_LTP_CNG_N,2025,0.00018148184502905426
1717,zulu,ON,transportation,2045,T_LDV_C_BEV300_N,2040,709.5686786914905
1730,zulu,ON,transportation,2045,T_LDV_LTP_FCEV400_N,2030,0.00012097904200963764
1737,zulu,ON,transportation,2050,T_LDV_LTP_BEV400_N,2045,0.0043843624656112815
1739,zulu,ON,transportation,2030,T_LDV_LTP_FCEV400_N,2030,0.0006048952100481882
1755,zulu,ON,transportation,2035,T_LDV_LTP_GSL_N,2025,0.0002168461392712559
1763,zulu,ON,transportation,2025,T_LDV_LTP_GSL_EX,2020,1570.01071173
1778,zulu,ON,transportation,2030,T_LDV_C_BEV300_N,2025,0.0006001421746209145
1779,zulu,ON,transportation,2035,T_LDV_C_BEV200_N,2035,89.64158422410249
1787,zulu,ON,transportation,2025,T_LDV_C_DSL_EX,2015,32.117305888
1789,zulu,ON,transportation,2045,T_LDV_LTP_CNG_N,2045,0.00036085238715793315
1791,zulu,ON,transportation,2050,T_LDV_LTP_BEV400_N,2035,0.0004586473101449499
1793,zulu,ON,transportation,2035,T_LDV_C_GSL_N,2030,0.00021977696671381813
1794,zulu,ON,transportation,2035,T_LDV_LTP_GSL_HEV_N,2035,1907.7165525362868
1803,zulu,ON,transportation,2040,T_LDV_C_FCEV400_N,2035,0.0003272070449369305
1809,zulu,ON,transportation,2040,T_LDV_C_GSL_PHEV35_N,2040,0.001040929976912929
1810,zulu,ON,transportation,2035,T_LDV_C_BEV150_N,2035,44.820792113633395
1822,zulu,ON,transportation,2025,T_LDV_LTP_GSL_EX,2010,158.0788469276
1825,zulu,ON,transportation,2035,T_LDV_LTP_BEV300_N,2030,0.0005872076042042051
1834,zulu,ON,transportation,2035,T_LDV_C_BEV200_N,2025,0.0003200787275628959
1835,zulu,ON,transportation,2035,T_LDV_LTP_GSL_PHEV50_N,2035,0.0013871284691697233
1846,zulu,ON,transportation,2040,T_LDV_C_GSL_PHEV50_N,2035,0.0007896703144883452
1852,zulu,ON,transportation,2035,T_LDV_LTP_GSL_HEV_N,2025,0.0011161374012745747
1868,zulu,ON,transportation,2040,T_LDV_C_GSL_PHEV35_N,2030,0.022031603584694123
1872,zulu,ON,transportation,2035,T_LDV_C_BEV150_N,2025,0.00016004441675864683
1885,zulu,ON,transportation,2040,T_LDV_C_DSL_N,2030,0.00013241596365482573
1889,zulu,ON,transportation,2030,T_LDV_C_BEV400_N,2025,0.0008001858232430352
1900,zulu,ON,transportation,2035,T_LDV_LTP_GSL_PHEV50_N,2025,0.001079028347725674
1904,zulu,ON,transportation,2030,T_LDV_C_BEV150_EX,2020,29.7446342664
1918,zulu,ON,transportation,2050,T_LDV_C_GSL_N,2050,0.0002662148591279852
1924,zulu,ON,transportation,2025,T_LDV_C_GSL_PHEV50_N,2025,0.0007957052180708753
1940,zulu,ON,transportation,2025,T_LDV_LTP_BEV400_N,2025,0.00023837820116165895
1948,zulu,ON,transportation,2045,T_LDV_LTP_BEV150_N,2040,0.0002721244071694528
1951,zulu,ON,transportation,2045,T_LDV_C_FCEV400_N,2045,0.027070586683102933
1957,zulu,ON,transportation,2030,T_LDV_LTP_BEV300_EX,2015,0.014371178000000002
1963,zulu,ON,transportation,2025,T_LDV_LTP_BEV300_N,2025,0.00017878867788052714
1964,zulu,ON,transportation,2045,T_LDV_LTP_GSL_N,2040,0.00024342749064425184
1974,zulu,ON,transportation,2045,T_LDV_LTP_BEV200_N,2045,0.002192184007027707
1975,zulu,ON,transportation,2030,T_LDV_LTP_GSL_HEV_EX,2020,17.865808047
1978,zulu,ON,transportation,2050,T_LDV_C_GSL_N,2040,0.00025196390911398793
1980,zulu,ON,transportation,2025,T_LDV_C_GSL_PHEV35_EX,2015,2.1443354696
1993,zulu,ON,transportation,2050,T_LDV_C_GSL_HEV_N,2045,38.550115886350795
1998,zulu,ON,transportation,2050,T_LDV_C_BEV150_N,2045,202.78437967478686
2012,zulu,ON,transportation,2050,T_LDV_LTP_GSL_PHEV50_N,2045,0.0006231639559872333
2014,zulu,ON,transportation,2045,T_LDV_LTP_GSL_N,2030,4.599141520169021e-05
2021,zulu,ON,transportation,2045,T_LDV_C_DSL_N,2040,0.00017580881295669194
2026,zulu,ON,transportation,2030,T_LDV_LTP_GSL_N,2030,0.00022995707600845103
2040,zulu,ON,transportation,2045,T_LDV_LTP_DSL_N,2040,0.00012538875477413288
2042,zulu,ON,transportation,2040,T_LDV_C_BEV300_N,2035,134.46237633487274
2048,zulu,ON,transportation,2045,T_LDV_C_GSL_N,2035,0.00016357589158113672
2049,zulu,ON,transportation,2045,T_LDV_LTP_GSL_HEV_N,2040,1984.8116678739302
2055,zulu,ON,transportation,2040,T_LDV_LTP_FCEV400_N,2025,3.064625329899946e-05
2071,zulu,ON,transportation,2050,T_LDV_LTP_GSL_PHEV50_N,2035,0.00027742569383394465
2083,zulu,ON,transportation,2035,T_LDV_LTP_BEV400_N,2030,0.0007829399647869549
2093,zulu,ON,transportation,2040,T_LDV_C_BEV200_N,2040,473.0457857943479
2094,zulu,ON,transportation,2045,T_LDV_LTP_BEV300_N,2040,0.000816363032675981
2096,zulu,ON,transportation,2045,T_LDV_LTP_DSL_N,2030,3.06548669564263e-05
2099,zulu,ON,transportation,2045,T_LDV_C_BEV200_N,2035,71.71326737928199
2108,zulu,ON,transportation,2045,T_LDV_LTP_GSL_HEV_N,2030,0.00027185522276725803
2121,zulu,ON,transportation,2040,T_LDV_LTP_CNG_N,2040,0.0003867685653680833
2124,zulu,ON,transportation,2030,T_LDV_C_GSL_N,2025,0.00028034082651381324
2125,zulu,ON,transportation,2030,T_LDV_LTP_GSL_HEV_N,2030,0.00135927611383629
2130,zulu,ON,transportation,2035,T_LDV_LTP_GSL_PHEV35_N,2025,1636.3136800032535
2140,zulu,ON,transportation,2045,T_LDV_LTP_FCEV400_N,2045,0.0023651903740549247
2143,zulu,ON,transportation,2030,T_LDV_C_BEV150_N,2030,0.0005712077680632059
2151,zulu,ON,transportation,2030,T_LDV_LTP_BEV150_N,2030,0.00019574268273201754
2155,zulu,ON,transportation,2040,T_LDV_C_BEV200_N,2030,0.0009139171989140138
2156,zulu,ON,transportation,2045,T_LDV_LTP_BEV300_N,2030,0.00011744152084084103
2165,zulu,ON,transportation,2030,T_LDV_LTP_GSL_PHEV50_N,2030,0.0015881943230149555
2179,zulu,ON,transportation,2025,T_LDV_C_GSL_HEV_N,2025,2439.792597474624
2186,zulu,ON,transportation,2050,T_LDV_LTP_CNG_N,2040,0.0003867685653680833
2187,zulu,ON,transportation,2030,T_LDV_C_CNG_N,2030,0.00026462005115092147
2193,zulu,ON,transportation,2045,T_LDV_LTP_FCEV400_N,2035,0.0001826910779075969
2200,zulu,ON,transportation,2040,T_LDV_LTP_BEV400_N,2025,4.767564023233179e-05
2229,zulu,ON,transportation,2025,T_LDV_C_BEV150_EX,2015,2.9088975896000004
2233,zulu,ON,transportation,2030,T_LDV_LTP_BEV200_N,2025,0.00011919957153541754
2243,zulu,ON,transportation,2030,T_LDV_LTP_GSL_EX,2020,1570.01071173
2245,zulu,ON,transportation,2050,T_LDV_LTP_GSL_PHEV35_N,2045,6.716196386318457
2277,zulu,ON,transportation,2040,T_LDV_C_FCEV400_N,2040,0.0006405976859772153
2286,zulu,ON,transportation,2045,T_LDV_LTP_BEV400_N,2045,0.0043843624656112815
2287,zulu,ON,transportation,2040,T_LDV_LTP_GSL_N,2035,0.00025584931690482014
2297,zulu,ON,transportation,2025,T_LDV_LTP_GSL_HEV_EX,2015,3.293447957
2298,zulu,ON,transportation,2045,T_LDV_C_BEV400_N,2045,811.1375186903675
2301,zulu,ON,transportation,2050,T_LDV_LTP_GSL_PHEV35_N,2035,11.844754937025652
2305,zulu,ON,transportation,2035,T_LDV_C_BEV400_N,2035,179.28316847554066
2327,zulu,ON,transportation,2035,T_LDV_C_GSL_HEV_N,2030,1492.7605628443828
2329,zulu,ON,transportation,2050,T_LDV_LTP_BEV150_N,2035,0.00011466413057708118
2332,zulu,ON,transportation,2045,T_LDV_LTP_BEV400_N,2035,0.0022932365507247494
2336,zulu,ON,transportation,2040,T_LDV_LTP_GSL_N,2025,4.3369227854251184e-05
2344,zulu,ON,transportation,2045,T_LDV_C_BEV400_N,2035,143.42653478043255
2346,zulu,ON,transportation,2030,T_LDV_C_BEV400_N,2030,0.0022847833967645902
2347,zulu,ON,transportation,2025,T_LDV_LTP_GSL_N,2025,0.0002168461392712559
2350,zulu,ON,transportation,2050,T_LDV_C_GSL_PHEV35_N,2050,0.0010459498556083524
2354,zulu,ON,transportation,2050,T_LDV_LTP_BEV200_N,2040,0.0005442433610892902
2357,zulu,ON,transportation,2035,T_LDV_C_BEV400_N,2025,0.0006401486585944282
2360,zulu,ON,transportation,2040,T_LDV_LTP_DSL_N,2035,0.00020714415918377354
2371,zulu,ON,transportation,2040,T_LDV_C_GSL_N,2030,0.00017582157337105452
2372,zulu,ON,transportation,2040,T_LDV_LTP_GSL_HEV_N,2035,1907.7165525362868
2379,zulu,ON,transportation,2045,T_LDV_LTP_GSL_PHEV35_N,2030,259.8529216306285
2390,zulu,ON,transportation,2050,T_LDV_C_GSL_PHEV50_N,2045,0.00043314532346907164
2392,zulu,ON,transportation,2030,T_LDV_LTP_GSL_PHEV35_N,2030,1299.2646081531423
2408,zulu,ON,transportation,2050,T_LDV_C_GSL_PHEV35_N,2040,0.0008327439815303432
2417,zulu,ON,transportation,2030,T_LDV_LTP_BEV300_EX,2020,4.376519583
2427,zulu,ON,transportation,2040,T_LDV_LTP_BEV300_N,2035,0.0017199376756484388
2430,zulu,ON,transportation,2040,T_LDV_LTP_DSL_N,2025,3.401430450631861e-05
2445,zulu,ON,transportation,2040,T_LDV_LTP_GSL_HEV_N,2025,0.00022322748025491493
2457,zulu,ON,transportation,2040,T_LDV_C_CNG_N,2035,0.00025909876882104505
2469,zulu,ON,transportation,2040,T_LDV_LTP_FCEV400_N,2040,0.0004655917230519959
2477,zulu,ON,transportation,2025,T_LDV_C_BEV150_N,2025,0.0002000555209483085
2487,zulu,ON,transportation,2025,T_LDV_LTP_BEV150_N,2025,5.961072970005552e-05
2492,zulu,ON,transportation,2035,T_LDV_LTP_CNG_N,2035,0.000602024763377938
2497,zulu,ON,transportation,2040,T_LDV_LTP_BEV300_N,2025,3.575773557610543e-05
2501,zulu,ON,transportation,2050,T_LDV_C_BEV400_N,2045,811.1375186903675
2509,zulu,ON,transportation,2025,T_LDV_LTP_GSL_PHEV50_N,2025,0.001079028347725674
2526,zulu,ON,transportation,2025,T_LDV_C_CNG_N,2025,0.0005022776375275751
2532,zulu,ON,transportation,2045,T_LDV_C_GSL_N,2040,0.0003149548863924849
2540,zulu,ON,transportation,2050,T_LDV_C_BEV300_N,2050,853.8870738779417
2552,zulu,ON,transportation,2045,T_LDV_C_GSL_HEV_N,2045,38.550115886350795
2555,zulu,ON,transportation,2035,T_LDV_LTP_CNG_N,2025,0.0009074092251452712
2575,zulu,ON,transportation,2025,T_LDV_C_FCEV400_N,2025,0.00013813974599346116
2582,zulu,ON,transportation,2030,T_LDV_C_GSL_PHEV35_N,2025,0.0023822805455799285
2589,zulu,ON,transportation,2045,T_LDV_C_BEV200_N,2040,473.0457857943479
2593,zulu,ON,transportation,2025,T_LDV_C_GSL_HEV_EX,2020,47.605437559
2599,zulu,ON,transportation,2050,T_LDV_C_BEV300_N,2040,567.6549429531924
2606,zulu,ON,transportation,2045,T_LDV_C_GSL_HEV_N,2035,1494.4455662365244
2628,zulu,ON,transportation,2045,T_LDV_C_BEV150_N,2040,236.52289293061915
2633,zulu,ON,transportation,2040,T_LDV_LTP_BEV400_N,2040,0.001088482268871087
2643,zulu,ON,transportation,2040,T_LDV_C_BEV400_N,2040,946.0915715893268
2646,zulu,ON,transportation,2035,T_LDV_LTP_BEV150_N,2030,0.00019574268273201754
2647,zulu,ON,transportation,2045,T_LDV_LTP_GSL_PHEV50_N,2040,0.0007655617016842035
2670,zulu,ON,transportation,2035,T_LDV_LTP_BEV200_N,2035,0.0011466294035684076
2671,zulu,ON,transportation,2050,T_LDV_LTP_CNG_N,2045,0.00036085238715793315
2680,zulu,ON,transportation,2030,T_LDV_C_GSL_HEV_N,2025,2439.792597474624
2686,zulu,ON,transportation,2035,T_LDV_C_CNG_N,2030,0.00026462005115092147
2687,zulu,ON,transportation,2040,T_LDV_LTP_BEV400_N,2030,0.0007829399647869549
2697,zulu,ON,transportation,2040,T_LDV_C_BEV400_N,2030,0.0018278267174116722
2700,zulu,ON,transportation,2045,T_LDV_LTP_GSL_PHEV50_N,2030,0.0003176388646029911
2706,zulu,ON,transportation,2035,T_LDV_C_FCEV400_N,2030,0.0002893771160214797
2712,zulu,ON,transportation,2035,T_LDV_C_GSL_PHEV35_N,2035,0.0012320449067291205
2714,zulu,ON,transportation,2025,T_LDV_LTP_GSL_PHEV35_EX,2015,0.081861184
2720,zulu,ON,transportation,2035,T_LDV_LTP_BEV200_N,2025,0.00011919957153541754
2721,zulu,ON,transportation,2040,T_LDV_LTP_GSL_PHEV35_N,2025,327.2627360006507
2733,zulu,ON,transportation,2035,T_LDV_C_DSL_N,2035,0.00020015283594667656
2735,zulu,ON,transportation,2025,T_LDV_LTP_GSL_PHEV35_N,2025,1636.3136800032535
2741,zulu,ON,transportation,2030,T_LDV_LTP_DSL_EX,2020,58.095394415
2742,zulu,ON,transportation,2035,T_LDV_LTP_DSL_N,2030,0.0001532743347821315
2756,zulu,ON,transportation,2025,T_LDV_LTP_FCEV400_N,2025,0.0001532312664949973
2761,zulu,ON,transportation,2035,T_LDV_C_GSL_PHEV50_N,2030,0.001009900651145524
2762,zulu,ON,transportation,2050,T_LDV_LTP_BEV150_N,2050,0.00038278316591804426
2791,zulu,ON,transportation,2035,T_LDV_C_DSL_N,2025,0.00022650252321779714
2793,zulu,ON,transportation,2030,T_LDV_C_BEV200_N,2030,0.0011423964986425172
2797,zulu,ON,transportation,2050,T_LDV_C_CNG_N,2050,0.00029145529197904937
2807,zulu,ON,transportation,2045,T_LDV_LTP_GSL_PHEV35_N,2045,6.716196386318457
2817,zulu,ON,transportation,2045,T_LDV_LTP_CNG_N,2035,0.000602024763377938
2818,zulu,ON,transportation,2050,T_LDV_LTP_BEV150_N,2040,0.0002721244071694528
2820,zulu,ON,transportation,2030,T_LDV_LTP_CNG_N,2030,0.00047062152367972155
2831,zulu,ON,transportation,2050,T_LDV_C_FCEV400_N,2050,0.0012044340858603717
2841,zulu,ON,transportation,2050,T_LDV_LTP_BEV200_N,2045,0.002192184007027707
2847,zulu,ON,transportation,2030,T_LDV_C_GSL_EX,2020,1326.5625627640002
2849,zulu,ON,transportation,2050,T_LDV_LTP_GSL_N,2045,0.00022572710381212914
2863,zulu,ON,transportation,2050,T_LDV_LTP_DSL_N,2050,0.00016051312161754485
2869,zulu,ON,transportation,2045,T_LDV_LTP_GSL_PHEV35_N,2035,59.223774685128255
2877,zulu,ON,transportation,2035,T_LDV_LTP_GSL_PHEV35_EX,2020,0.885424269
2881,zulu,ON,transportation,2040,T_LDV_C_GSL_HEV_N,2040,300.19888235799084
2887,zulu,ON,transportation,2050,T_LDV_C_GSL_PHEV50_N,2050,0.0007708409293884231
2891,zulu,ON,transportation,2045,T_LDV_C_CNG_N,2045,0.00024225485358362632
2900,zulu,ON,transportation,2035,T_LDV_C_BEV300_N,2035,134.46237633487274
2903,zulu,ON,transportation,2050,T_LDV_C_FCEV400_N,2040,0.0005124781487817722
2916,zulu,ON,transportation,2050,T_LDV_LTP_GSL_N,2035,5.116986338096403e-05
2917,zulu,ON,transportation,2035,T_LDV_LTP_FCEV400_N,2030,0.0006048952100481882
2923,zulu,ON,transportation,2050,T_LDV_C_DSL_N,2045,0.00013297373755831915
2927,zulu,ON,transportation,2050,T_LDV_LTP_BEV300_N,2050,0.001148338417073457
2931,zulu,ON,transportation,2050,T_LDV_LTP_DSL_N,2040,0.00012538875477413288
2937,zulu,ON,transportation,2050,T_LDV_C_BEV200_N,2045,405.5687593766407
2938,zulu,ON,transportation,2040,T_LDV_C_CNG_N,2040,0.0003565589866037923
2942,zulu,ON,transportation,2040,T_LDV_C_GSL_HEV_N,2030,1194.2084502755063
