region,tech,vintage,capacity
AB,T_LDV_C_BEV150_EX,2010.0,0.45285488140514296
AB,T_LDV_C_BEV150_EX,2015.0,3.346419117168078
AB,T_LDV_C_BEV150_EX,2020.0,9.476462365458758
AB,T_LDV_C_DSL_EX,2005.0,7.391819999999999
AB,T_LDV_C_DSL_EX,2010.0,9.073098182079177
AB,T_LDV_C_DSL_EX,2015.0,1.7743260063169501
AB,T_LDV_C_DSL_EX,2020.0,0.002733608452258518
AB,T_LDV_C_GSL_EX,2005.0,239.00217999999998
AB,T_LDV_C_GSL_EX,2010.0,291.7873809154735
AB,T_LDV_C_GSL_EX,2015.0,228.29349699844266
AB,T_LDV_C_GSL_EX,2020.0,106.22188842365429
AB,T_LDV_C_GSL_HEV_EX,2010.0,5.466981477686844
AB,T_LDV_C_GSL_HEV_EX,2015.0,5.386863244099072
AB,T_LDV_C_GSL_HEV_EX,2020.0,8.527915337173916
AB,T_LDV_C_GSL_PHEV35_EX,2010.0,0.3986845433553328
AB,T_LDV_C_GSL_PHEV35_EX,2015.0,2.696894633973236
AB,T_LDV_C_GSL_PHEV35_EX,2020.0,0.9600002652607798
AB,T_HDV_T_DSL_EX,2005.0,33.494
AB,T_HDV_T_DSL_EX,2010.0,33.898
AB,T_HDV_T_DSL_EX,2015.0,21.878999999999998
AB,T_HDV_T_DSL_EX,2020.0,17.244
AB,T_LDV_LTF_DSL_EX,2005.0,7.39176
AB,T_LDV_LTF_DSL_EX,2010.0,12.868640003204645
AB,T_LDV_LTF_DSL_EX,2015.0,21.72712768654447
AB,T_LDV_LTF_DSL_EX,2020.0,27.670724128973678
AB,T_LDV_LTF_GSL_EX,2005.0,175.55429999999998
AB,T_LDV_LTF_GSL_EX,2010.0,221.88157870034547
AB,T_LDV_LTF_GSL_EX,2015.0,234.3466739240107
AB,T_LDV_LTF_GSL_EX,2020.0,178.5930176223972
AB,T_LDV_LTF_GSL_HEV_EX,2010.0,0.04898634969048703
AB,T_LDV_LTF_GSL_HEV_EX,2020.0,8.11876170618892
AB,T_LDV_LTF_GSL_PHEV35_EX,2015.0,0.40619838944481274
AB,T_LDV_LTF_GSL_PHEV35_EX,2020.0,0.6234150149809544
AB,T_LDV_LTP_BEV300_EX,2010.0,0.011989896210675938
AB,T_LDV_LTP_BEV300_EX,2015.0,0.7392620663477406
AB,T_LDV_LTP_BEV300_EX,2020.0,14.558506693661096
AB,T_LDV_LTP_DSL_EX,2005.0,11.50263
AB,T_LDV_LTP_DSL_EX,2010.0,18.527481421759912
AB,T_LDV_LTP_DSL_EX,2015.0,20.152521687134964
AB,T_LDV_LTP_DSL_EX,2020.0,17.767649597286905
AB,T_LDV_LTP_GSL_EX,2005.0,364.24995
AB,T_LDV_LTP_GSL_EX,2010.0,467.6848486538975
AB,T_LDV_LTP_GSL_EX,2015.0,506.9223929865509
AB,T_LDV_LTP_GSL_EX,2020.0,379.13014623762956
AB,T_LDV_LTP_GSL_HEV_EX,2010.0,1.0671246973128654
AB,T_LDV_LTP_GSL_HEV_EX,2015.0,3.6315638019580243
AB,T_LDV_LTP_GSL_HEV_EX,2020.0,28.490969077130316
AB,T_LDV_LTP_GSL_PHEV35_EX,2010.0,0.003955330819068722
AB,T_LDV_LTP_GSL_PHEV35_EX,2015.0,1.1522594580083245
AB,T_LDV_LTP_GSL_PHEV35_EX,2020.0,5.232728394292108
AB,T_MDV_T_DSL_EX,2005.0,100.7958
AB,T_MDV_T_DSL_EX,2010.0,123.71159999999999
AB,T_MDV_T_DSL_EX,2015.0,111.16781292550479
AB,T_MDV_T_DSL_EX,2020.0,103.07537355142652
AB,T_MDV_T_GSL_EX,2005.0,67.1972
AB,T_MDV_T_GSL_EX,2010.0,82.4744
AB,T_MDV_T_GSL_EX,2015.0,68.93538234020153
AB,T_MDV_T_GSL_EX,2020.0,67.32228375146697
BC,T_LDV_C_BEV150_EX,2010.0,0.5391349810983073
BC,T_LDV_C_BEV150_EX,2015.0,5.085828628180275
BC,T_LDV_C_BEV150_EX,2020.0,18.351183988482813
BC,T_LDV_C_DSL_EX,2005.0,8.25504
BC,T_LDV_C_DSL_EX,2010.0,10.734719282717553
BC,T_LDV_C_DSL_EX,2015.0,2.4791566949784674
BC,T_LDV_C_DSL_EX,2020.0,0.0047482746788554886
BC,T_LDV_C_GSL_EX,2005.0,266.91296
BC,T_LDV_C_GSL_EX,2010.0,345.1654391569481
BC,T_LDV_C_GSL_EX,2015.0,337.8140624195621
BC,T_LDV_C_GSL_EX,2020.0,201.69538233760176
BC,T_LDV_C_GSL_HEV_EX,2010.0,6.469080602115434
BC,T_LDV_C_GSL_HEV_EX,2015.0,8.099972866413562
BC,T_LDV_C_GSL_HEV_EX,2020.0,16.446675924303587
BC,T_LDV_C_GSL_PHEV35_EX,2010.0,0.4726259771206534
BC,T_LDV_C_GSL_PHEV35_EX,2015.0,4.0249793908656235
BC,T_LDV_C_GSL_PHEV35_EX,2020.0,1.8240094749329945
BC,T_HDV_T_DSL_EX,2005.0,14.947
BC,T_HDV_T_DSL_EX,2010.0,13.721
BC,T_HDV_T_DSL_EX,2015.0,17.202
BC,T_HDV_T_DSL_EX,2020.0,16.77
BC,T_LDV_LTF_DSL_EX,2005.0,4.47772
BC,T_LDV_LTF_DSL_EX,2010.0,6.573163207470657
BC,T_LDV_LTF_DSL_EX,2015.0,15.024879572603519
BC,T_LDV_LTF_DSL_EX,2020.0,22.427039955453083
BC,T_LDV_LTF_GSL_EX,2005.0,106.34585
BC,T_LDV_LTF_GSL_EX,2010.0,114.4403493778566
BC,T_LDV_LTF_GSL_EX,2015.0,162.21216533724478
BC,T_LDV_LTF_GSL_EX,2020.0,144.45359763512042
BC,T_LDV_LTF_GSL_HEV_EX,2010.0,0.024989547045570343
BC,T_LDV_LTF_GSL_HEV_EX,2020.0,6.669473004193303
BC,T_LDV_LTF_GSL_PHEV35_EX,2015.0,0.2909550901516994
BC,T_LDV_LTF_GSL_PHEV35_EX,2020.0,0.5069867257551975
BC,T_LDV_LTP_BEV300_EX,2010.0,0.007532108848255852
BC,T_LDV_LTP_BEV300_EX,2015.0,0.6627052832456406
BC,T_LDV_LTP_BEV300_EX,2020.0,14.948985907832792
BC,T_LDV_LTP_DSL_EX,2005.0,8.70774
BC,T_LDV_LTP_DSL_EX,2010.0,11.794731795693377
BC,T_LDV_LTP_DSL_EX,2015.0,17.169217900768352
BC,T_LDV_LTP_DSL_EX,2020.0,18.161885628258954
BC,T_LDV_LTP_GSL_EX,2005.0,275.7451
BC,T_LDV_LTP_GSL_EX,2010.0,300.41537998863106
BC,T_LDV_LTP_GSL_EX,2015.0,438.24966697948713
BC,T_LDV_LTP_GSL_EX,2020.0,387.2822158869004
BC,T_LDV_LTP_GSL_HEV_EX,2010.0,0.6686879055273733
BC,T_LDV_LTP_GSL_HEV_EX,2015.0,3.22113451211571
BC,T_LDV_LTP_GSL_HEV_EX,2020.0,29.29487619012171
BC,T_LDV_LTP_GSL_PHEV35_EX,2010.0,0.0024082012999282996
BC,T_LDV_LTP_GSL_PHEV35_EX,2015.0,1.022275324383145
BC,T_LDV_LTP_GSL_PHEV35_EX,2020.0,5.382036386886137
BC,T_MDV_T_DSL_EX,2005.0,57.154799999999994
BC,T_MDV_T_DSL_EX,2010.0,60.0564
BC,T_MDV_T_DSL_EX,2015.0,78.37094041678606
BC,T_MDV_T_DSL_EX,2020.0,71.04803572847024
BC,T_MDV_T_GSL_EX,2005.0,38.1032
BC,T_MDV_T_GSL_EX,2010.0,40.037600000000005
BC,T_MDV_T_GSL_EX,2015.0,48.47828874136403
BC,T_MDV_T_GSL_EX,2020.0,46.335255656463985
MB,T_LDV_C_BEV150_EX,2010.0,0.12554090307877086
MB,T_LDV_C_BEV150_EX,2015.0,0.9737503975127257
MB,T_LDV_C_BEV150_EX,2020.0,2.8798890610796257
MB,T_LDV_C_DSL_EX,2005.0,1.85256
MB,T_LDV_C_DSL_EX,2010.0,2.5091040386171213
MB,T_LDV_C_DSL_EX,2015.0,0.5290005931714268
MB,T_LDV_C_GSL_EX,2005.0,59.89944
MB,T_LDV_C_GSL_EX,2010.0,80.74557635415557
MB,T_LDV_C_GSL_EX,2015.0,66.39244672867045
MB,T_LDV_C_GSL_EX,2020.0,32.789840885084324
MB,T_LDV_C_GSL_HEV_EX,2010.0,1.522078234423855
MB,T_LDV_C_GSL_HEV_EX,2015.0,1.5696839255815012
MB,T_LDV_C_GSL_HEV_EX,2020.0,2.601147928648185
MB,T_LDV_C_GSL_PHEV35_EX,2010.0,0.1107004697246836
MB,T_LDV_C_GSL_PHEV35_EX,2015.0,0.7761183550638955
MB,T_LDV_C_GSL_PHEV35_EX,2020.0,0.29624519409084876
MB,T_HDV_T_DSL_EX,2005.0,7.086
MB,T_HDV_T_DSL_EX,2010.0,7.106
MB,T_HDV_T_DSL_EX,2015.0,7.413
MB,T_HDV_T_DSL_EX,2020.0,7.403
MB,T_LDV_LTF_DSL_EX,2005.0,1.00808
MB,T_LDV_LTF_DSL_EX,2010.0,1.8027693429126685
MB,T_LDV_LTF_DSL_EX,2015.0,3.569116907678948
MB,T_LDV_LTF_DSL_EX,2020.0,4.793358003766947
MB,T_LDV_LTF_GSL_EX,2005.0,23.941899999999997
MB,T_LDV_LTF_GSL_EX,2010.0,31.224595753706026
MB,T_LDV_LTF_GSL_EX,2015.0,38.533064640886366
MB,T_LDV_LTF_GSL_EX,2020.0,31.014801135563275
MB,T_LDV_LTF_GSL_HEV_EX,2010.0,0.006718777530029161
MB,T_LDV_LTF_GSL_HEV_EX,2020.0,1.4034619226753475
MB,T_LDV_LTF_GSL_PHEV35_EX,2015.0,0.0658184514346829
MB,T_LDV_LTF_GSL_PHEV35_EX,2020.0,0.1073715249713017
MB,T_LDV_LTP_BEV300_EX,2010.0,0.002810709991855955
MB,T_LDV_LTP_BEV300_EX,2015.0,0.20832151979316407
MB,T_LDV_LTP_BEV300_EX,2020.0,4.288169532732144
MB,T_LDV_LTP_DSL_EX,2005.0,2.6388
MB,T_LDV_LTP_DSL_EX,2010.0,4.405429672541024
MB,T_LDV_LTP_DSL_EX,2015.0,5.638224497139024
MB,T_LDV_LTP_DSL_EX,2020.0,5.278108821060464
MB,T_LDV_LTP_GSL_EX,2005.0,83.562
MB,T_LDV_LTP_GSL_EX,2010.0,111.5476320069019
MB,T_LDV_LTP_GSL_EX,2015.0,142.14619085301356
MB,T_LDV_LTP_GSL_EX,2020.0,112.8619586478491
MB,T_LDV_LTP_GSL_HEV_EX,2010.0,0.24977345082053923
MB,T_LDV_LTP_GSL_HEV_EX,2015.0,1.0205088151766155
MB,T_LDV_LTP_GSL_HEV_EX,2020.0,8.42567581089095
MB,T_LDV_LTP_GSL_PHEV35_EX,2015.0,0.3197543148776318
MB,T_LDV_LTP_GSL_PHEV35_EX,2020.0,1.5440871874673512
MB,T_MDV_T_DSL_EX,2005.0,7.7634
MB,T_MDV_T_DSL_EX,2010.0,10.684199999999999
MB,T_MDV_T_DSL_EX,2015.0,12.48716567055115
MB,T_MDV_T_DSL_EX,2020.0,11.074561612807791
MB,T_MDV_T_GSL_EX,2005.0,5.1756
MB,T_MDV_T_GSL_EX,2010.0,7.1228
MB,T_MDV_T_GSL_EX,2015.0,7.752412694864187
MB,T_MDV_T_GSL_EX,2020.0,7.226282638777487
NB,T_LDV_C_BEV150_EX,2010.0,0.1332891977199508
NB,T_LDV_C_BEV150_EX,2015.0,0.8947398171219503
NB,T_LDV_C_BEV150_EX,2020.0,2.729318688782171
NB,T_LDV_C_DSL_EX,2005.0,1.79286
NB,T_LDV_C_DSL_EX,2010.0,2.6768386232387362
NB,T_LDV_C_DSL_EX,2015.0,0.5228363849975548
NB,T_LDV_C_GSL_EX,2005.0,57.969139999999996
NB,T_LDV_C_GSL_EX,2010.0,86.13223033136816
NB,T_LDV_C_GSL_EX,2015.0,63.77963453989017
NB,T_LDV_C_GSL_EX,2020.0,30.73246360586719
NB,T_LDV_C_GSL_HEV_EX,2010.0,1.620645109704686
NB,T_LDV_C_GSL_HEV_EX,2015.0,1.4883207556567024
NB,T_LDV_C_GSL_HEV_EX,2020.0,2.458695540313843
NB,T_LDV_C_GSL_PHEV35_EX,2010.0,0.11799673796846595
NB,T_LDV_C_GSL_PHEV35_EX,2015.0,0.7314685023336205
NB,T_LDV_C_GSL_PHEV35_EX,2020.0,0.2777211901106876
NB,T_HDV_T_DSL_EX,2005.0,4.5
NB,T_HDV_T_DSL_EX,2010.0,4.657
NB,T_HDV_T_DSL_EX,2015.0,4.419
NB,T_HDV_T_DSL_EX,2020.0,3.762
NB,T_LDV_LTF_DSL_EX,2005.0,0.656
NB,T_LDV_LTF_DSL_EX,2010.0,1.2119196345114398
NB,T_LDV_LTF_DSL_EX,2015.0,2.544329354249661
NB,T_LDV_LTF_DSL_EX,2020.0,3.5743940059864907
NB,T_LDV_LTF_GSL_EX,2005.0,15.58
NB,T_LDV_LTF_GSL_EX,2010.0,21.254541524279777
NB,T_LDV_LTF_GSL_EX,2015.0,27.444005815754174
NB,T_LDV_LTF_GSL_EX,2020.0,23.057166039578927
NB,T_LDV_LTF_GSL_HEV_EX,2010.0,0.004758582580508394
NB,T_LDV_LTF_GSL_HEV_EX,2020.0,1.0540542571430018
NB,T_LDV_LTF_GSL_PHEV35_EX,2015.0,0.04666482999616159
NB,T_LDV_LTF_GSL_PHEV35_EX,2020.0,0.08059187699693969
NB,T_LDV_LTP_BEV300_EX,2010.0,0.0019241475171317291
NB,T_LDV_LTP_BEV300_EX,2015.0,0.1510045128697619
NB,T_LDV_LTP_BEV300_EX,2020.0,3.2670643588862984
NB,T_LDV_LTP_DSL_EX,2005.0,1.72914
NB,T_LDV_LTP_DSL_EX,2010.0,2.9656495418172213
NB,T_LDV_LTP_DSL_EX,2015.0,4.024155555972873
NB,T_LDV_LTP_DSL_EX,2020.0,3.9825470471055953
NB,T_LDV_LTP_GSL_EX,2005.0,54.756099999999996
NB,T_LDV_LTP_GSL_EX,2010.0,76.24769332976187
NB,T_LDV_LTP_GSL_EX,2015.0,101.87005571533987
NB,T_LDV_LTP_GSL_EX,2020.0,84.97052104450218
NB,T_LDV_LTP_GSL_HEV_EX,2010.0,0.16819201235106418
NB,T_LDV_LTP_GSL_HEV_EX,2015.0,0.7406979137750707
NB,T_LDV_LTP_GSL_HEV_EX,2020.0,6.39869736420464
NB,T_LDV_LTP_GSL_PHEV35_EX,2015.0,0.23108630204240938
NB,T_LDV_LTP_GSL_PHEV35_EX,2020.0,1.1751701853012924
NB,T_MDV_T_DSL_EX,2005.0,4.0914
NB,T_MDV_T_DSL_EX,2010.0,5.0436
NB,T_MDV_T_DSL_EX,2015.0,6.74410979392587
NB,T_MDV_T_DSL_EX,2020.0,7.337120120989698
NB,T_MDV_T_GSL_EX,2005.0,2.7276
NB,T_MDV_T_GSL_EX,2010.0,3.3624
NB,T_MDV_T_GSL_EX,2015.0,4.18165626280097
NB,T_MDV_T_GSL_EX,2020.0,4.793426032892889
NLLAB,T_LDV_C_BEV150_EX,2010.0,0.10216309041472749
NLLAB,T_LDV_C_BEV150_EX,2015.0,0.662551849339519
NLLAB,T_LDV_C_BEV150_EX,2020.0,2.106152792944283
NLLAB,T_LDV_C_DSL_EX,2005.0,1.40634
NLLAB,T_LDV_C_DSL_EX,2010.0,2.146872776901554
NLLAB,T_LDV_C_DSL_EX,2015.0,0.3891429186925055
NLLAB,T_LDV_C_GSL_EX,2005.0,45.47166
NLLAB,T_LDV_C_GSL_EX,2010.0,69.24445574291828
NLLAB,T_LDV_C_GSL_EX,2015.0,46.659357384678984
NLLAB,T_LDV_C_GSL_EX,2020.0,23.391498565256928
NLLAB,T_LDV_C_GSL_HEV_EX,2010.0,1.277329092973068
NLLAB,T_LDV_C_GSL_HEV_EX,2015.0,1.0969951957746433
NLLAB,T_LDV_C_GSL_HEV_EX,2020.0,1.8913129170580771
NLLAB,T_LDV_C_GSL_PHEV35_EX,2010.0,0.09217929679237974
NLLAB,T_LDV_C_GSL_PHEV35_EX,2015.0,0.5309526515143485
NLLAB,T_LDV_C_GSL_PHEV35_EX,2020.0,0.21144839756293984
NLLAB,T_HDV_T_DSL_EX,2005.0,1.19
NLLAB,T_HDV_T_DSL_EX,2010.0,1.456
NLLAB,T_HDV_T_DSL_EX,2015.0,1.306
NLLAB,T_HDV_T_DSL_EX,2020.0,1.122
NLLAB,T_LDV_LTF_DSL_EX,2005.0,0.54024
NLLAB,T_LDV_LTF_DSL_EX,2010.0,1.1723016957857895
NLLAB,T_LDV_LTF_DSL_EX,2015.0,2.1804506730386235
NLLAB,T_LDV_LTF_DSL_EX,2020.0,2.8695419351376357
NLLAB,T_LDV_LTF_GSL_EX,2005.0,12.8307
NLLAB,T_LDV_LTF_GSL_EX,2010.0,20.480247246391496
NLLAB,T_LDV_LTF_GSL_EX,2015.0,23.536403001226148
NLLAB,T_LDV_LTF_GSL_EX,2020.0,18.62971446350525
NLLAB,T_LDV_LTF_GSL_HEV_EX,2010.0,0.004555647160763513
NLLAB,T_LDV_LTF_GSL_HEV_EX,2020.0,0.8379568754918556
NLLAB,T_LDV_LTF_GSL_PHEV35_EX,2015.0,0.039146325735230435
NLLAB,T_LDV_LTF_GSL_PHEV35_EX,2020.0,0.063772830395689
NLLAB,T_LDV_LTP_BEV300_EX,2010.0,0.001879320827686044
NLLAB,T_LDV_LTP_BEV300_EX,2015.0,0.1298311466627376
NLLAB,T_LDV_LTP_BEV300_EX,2020.0,2.5957982371242414
NLLAB,T_LDV_LTP_DSL_EX,2005.0,1.4413799999999999
NLLAB,T_LDV_LTP_DSL_EX,2010.0,2.9219334964551438
NLLAB,T_LDV_LTP_DSL_EX,2015.0,3.5165694483998964
NLLAB,T_LDV_LTP_DSL_EX,2020.0,3.230579942667365
NLLAB,T_LDV_LTP_GSL_EX,2005.0,45.643699999999995
NLLAB,T_LDV_LTP_GSL_EX,2010.0,74.69740801832666
NLLAB,T_LDV_LTP_GSL_EX,2015.0,88.63514666968433
NLLAB,T_LDV_LTP_GSL_EX,2020.0,69.26568591221276
NLLAB,T_LDV_LTP_GSL_HEV_EX,2010.0,0.16643715268546477
NLLAB,T_LDV_LTP_GSL_HEV_EX,2015.0,0.6382368283817771
NLLAB,T_LDV_LTP_GSL_HEV_EX,2020.0,5.127036890423012
NLLAB,T_LDV_LTP_GSL_PHEV35_EX,2015.0,0.1972159068712576
NLLAB,T_LDV_LTP_GSL_PHEV35_EX,2020.0,0.9368990175726218
NLLAB,T_MDV_T_DSL_EX,2005.0,2.4474
NLLAB,T_MDV_T_DSL_EX,2010.0,4.3302
NLLAB,T_MDV_T_DSL_EX,2015.0,5.353970356441558
NLLAB,T_MDV_T_DSL_EX,2020.0,5.322319270752291
NLLAB,T_MDV_T_GSL_EX,2005.0,1.6316000000000002
NLLAB,T_MDV_T_GSL_EX,2010.0,2.8868
NLLAB,T_MDV_T_GSL_EX,2015.0,3.3248481061819737
NLLAB,T_MDV_T_GSL_EX,2020.0,3.4726437416420453
NS,T_LDV_C_BEV150_EX,2010.0,0.1935238259351843
NS,T_LDV_C_BEV150_EX,2015.0,1.4142946563297787
NS,T_LDV_C_BEV150_EX,2020.0,3.493563068000765
NS,T_LDV_C_DSL_EX,2005.0,2.72814
NS,T_LDV_C_DSL_EX,2010.0,3.9231517904286766
NS,T_LDV_C_DSL_EX,2015.0,0.7795200583509218
NS,T_LDV_C_DSL_EX,2020.0,0.0011850857584362576
NS,T_LDV_C_GSL_EX,2005.0,88.20985999999999
NS,T_LDV_C_GSL_EX,2010.0,126.37032847728176
NS,T_LDV_C_GSL_EX,2015.0,97.62907319664268
NS,T_LDV_C_GSL_EX,2020.0,40.904199356784844
NS,T_LDV_C_GSL_HEV_EX,2010.0,2.3606226405709068
NS,T_LDV_C_GSL_HEV_EX,2015.0,2.30142584466969
NS,T_LDV_C_GSL_HEV_EX,2020.0,3.1757515423761533
NS,T_LDV_C_GSL_PHEV35_EX,2010.0,0.17137326578347628
NS,T_LDV_C_GSL_PHEV35_EX,2015.0,1.1366862440069305
NS,T_LDV_C_GSL_PHEV35_EX,2020.0,0.36930094707979816
NS,T_HDV_T_DSL_EX,2005.0,3.149
NS,T_HDV_T_DSL_EX,2010.0,2.794
NS,T_HDV_T_DSL_EX,2015.0,3.651
NS,T_HDV_T_DSL_EX,2020.0,2.981
NS,T_LDV_LTF_DSL_EX,2005.0,0.82836
NS,T_LDV_LTF_DSL_EX,2010.0,1.3876565080334218
NS,T_LDV_LTF_DSL_EX,2015.0,3.056383392938704
NS,T_LDV_LTF_DSL_EX,2020.0,3.5840679028423343
NS,T_LDV_LTF_GSL_EX,2005.0,19.67355
NS,T_LDV_LTF_GSL_EX,2010.0,24.318103638758444
NS,T_LDV_LTF_GSL_EX,2015.0,33.00434459075467
NS,T_LDV_LTF_GSL_EX,2020.0,23.512774615809356
NS,T_LDV_LTF_GSL_HEV_EX,2010.0,0.005241737371574349
NS,T_LDV_LTF_GSL_HEV_EX,2020.0,1.0282411996890408
NS,T_LDV_LTF_GSL_PHEV35_EX,2015.0,0.0572720163066295
NS,T_LDV_LTF_GSL_PHEV35_EX,2020.0,0.07776829211642261
NS,T_LDV_LTP_BEV300_EX,2010.0,0.0021876145843058815
NS,T_LDV_LTP_BEV300_EX,2015.0,0.18413556685396798
NS,T_LDV_LTP_BEV300_EX,2020.0,3.114655254326857
NS,T_LDV_LTP_DSL_EX,2005.0,2.21307
NS,T_LDV_LTP_DSL_EX,2010.0,3.441735755077029
NS,T_LDV_LTP_DSL_EX,2015.0,4.879476659895592
NS,T_LDV_LTP_DSL_EX,2020.0,4.016712615871381
NS,T_LDV_LTP_GSL_EX,2005.0,70.08055
NS,T_LDV_LTP_GSL_EX,2010.0,88.20875535545737
NS,T_LDV_LTP_GSL_EX,2015.0,123.75665563666914
NS,T_LDV_LTP_GSL_EX,2020.0,86.81893348055276
NS,T_LDV_LTP_GSL_HEV_EX,2010.0,0.1921493283797436
NS,T_LDV_LTP_GSL_HEV_EX,2015.0,0.8986778181026019
NS,T_LDV_LTP_GSL_HEV_EX,2020.0,6.2401757706554015
NS,T_LDV_LTP_GSL_PHEV35_EX,2015.0,0.2820543184786944
NS,T_LDV_LTP_GSL_PHEV35_EX,2020.0,1.1305228785936055
NS,T_MDV_T_DSL_EX,2005.0,5.2452000000000005
NS,T_MDV_T_DSL_EX,2010.0,6.459
NS,T_MDV_T_DSL_EX,2015.0,9.505469416506692
NS,T_MDV_T_DSL_EX,2020.0,10.488962502440078
NS,T_MDV_T_GSL_EX,2005.0,3.4968000000000004
NS,T_MDV_T_GSL_EX,2010.0,4.306
NS,T_MDV_T_GSL_EX,2015.0,5.879191009940803
NS,T_MDV_T_GSL_EX,2020.0,6.847977680308191
ON,T_LDV_C_BEV150_EX,2010.0,2.0173485963230355
ON,T_LDV_C_BEV150_EX,2015.0,18.61484863160808
ON,T_LDV_C_BEV150_EX,2020.0,54.552897654009655
ON,T_LDV_C_DSL_EX,2005.0,27.540509999999998
ON,T_LDV_C_DSL_EX,2010.0,40.466311142980615
ON,T_LDV_C_DSL_EX,2015.0,9.219033232803447
ON,T_LDV_C_DSL_EX,2020.0,0.015429576316462208
ON,T_LDV_C_GSL_EX,2005.0,890.47649
ON,T_LDV_C_GSL_EX,2010.0,1302.0736905212163
ON,T_LDV_C_GSL_EX,2015.0,1226.3733728379443
ON,T_LDV_C_GSL_EX,2020.0,606.1152693632243
ON,T_LDV_C_GSL_HEV_EX,2010.0,24.369694539183676
ON,T_LDV_C_GSL_HEV_EX,2015.0,29.14826017329517
ON,T_LDV_C_GSL_HEV_EX,2020.0,48.98484313027138
ON,T_LDV_C_GSL_PHEV35_EX,2010.0,1.777955200296459
ON,T_LDV_C_GSL_PHEV35_EX,2015.0,14.796485124349065
ON,T_LDV_C_GSL_PHEV35_EX,2020.0,5.47856027617814
ON,T_HDV_T_DSL_EX,2005.0,45.243
ON,T_HDV_T_DSL_EX,2010.0,42.409000000000006
ON,T_HDV_T_DSL_EX,2015.0,59.695
ON,T_HDV_T_DSL_EX,2020.0,61.751
ON,T_LDV_LTF_DSL_EX,2005.0,11.37524
ON,T_LDV_LTF_DSL_EX,2010.0,18.46297877091188
ON,T_LDV_LTF_DSL_EX,2015.0,45.400463397074894
ON,T_LDV_LTF_DSL_EX,2020.0,63.272147752693684
ON,T_LDV_LTF_GSL_EX,2005.0,270.16195
ON,T_LDV_LTF_GSL_EX,2010.0,321.48826637684823
ON,T_LDV_LTF_GSL_EX,2015.0,489.28294444082337
ON,T_LDV_LTF_GSL_EX,2020.0,407.1189561384605
ON,T_LDV_LTF_GSL_HEV_EX,2010.0,0.069834156170377
ON,T_LDV_LTF_GSL_HEV_EX,2020.0,18.652821229195368
ON,T_LDV_LTF_GSL_PHEV35_EX,2015.0,0.8635921621017278
ON,T_LDV_LTF_GSL_PHEV35_EX,2020.0,1.43522967964396
ON,T_LDV_LTP_BEV300_EX,2010.0,0.029458788092582844
ON,T_LDV_LTP_BEV300_EX,2015.0,2.76105457087143
ON,T_LDV_LTP_BEV300_EX,2020.0,58.67890130340825
ON,T_LDV_LTP_DSL_EX,2005.0,30.651419999999998
ON,T_LDV_LTP_DSL_EX,2010.0,45.81561257909156
ON,T_LDV_LTP_DSL_EX,2015.0,71.73582840216194
ON,T_LDV_LTP_DSL_EX,2020.0,70.86301436400058
ON,T_LDV_LTP_GSL_EX,2005.0,970.6283
ON,T_LDV_LTP_GSL_EX,2010.0,1168.361953656804
ON,T_LDV_LTP_GSL_EX,2015.0,1828.71014691144
ON,T_LDV_LTP_GSL_EX,2020.0,1508.2647084782554
ON,T_LDV_LTP_GSL_HEV_EX,2010.0,2.581294011807997
ON,T_LDV_LTP_GSL_HEV_EX,2015.0,13.514902126782436
ON,T_LDV_LTP_GSL_HEV_EX,2020.0,114.35195885504613
ON,T_LDV_LTP_GSL_PHEV35_EX,2010.0,0.00950096420408512
ON,T_LDV_LTP_GSL_PHEV35_EX,2015.0,4.282067988744079
ON,T_LDV_LTP_GSL_PHEV35_EX,2020.0,21.0554169992896
ON,T_MDV_T_DSL_EX,2005.0,73.7568
ON,T_MDV_T_DSL_EX,2010.0,81.18299999999999
ON,T_MDV_T_DSL_EX,2015.0,125.42849380127011
ON,T_MDV_T_DSL_EX,2020.0,133.96946577819796
ON,T_MDV_T_GSL_EX,2005.0,49.1712
ON,T_MDV_T_GSL_EX,2010.0,54.12200000000001
ON,T_MDV_T_GSL_EX,2015.0,77.57501787053485
ON,T_MDV_T_GSL_EX,2020.0,87.50804850586633
PEI,T_LDV_C_BEV150_EX,2010.0,0.025648343516130268
PEI,T_LDV_C_BEV150_EX,2015.0,0.18537587527074592
PEI,T_LDV_C_BEV150_EX,2020.0,0.6687720500002974
PEI,T_LDV_C_DSL_EX,2005.0,0.28071
PEI,T_LDV_C_DSL_EX,2010.0,0.4882504532063538
PEI,T_LDV_C_DSL_EX,2015.0,0.10218386049142648
PEI,T_LDV_C_GSL_EX,2005.0,9.07629
PEI,T_LDV_C_GSL_EX,2010.0,15.643029453927573
PEI,T_LDV_C_GSL_EX,2015.0,12.708267847629624
PEI,T_LDV_C_GSL_EX,2020.0,7.466255101477623
PEI,T_LDV_C_GSL_HEV_EX,2010.0,0.29808822348494446
PEI,T_LDV_C_GSL_HEV_EX,2015.0,0.30089462425011193
PEI,T_LDV_C_GSL_HEV_EX,2020.0,0.6012983814826538
PEI,T_LDV_C_GSL_PHEV35_EX,2010.0,0.021983525864998008
PEI,T_LDV_C_GSL_PHEV35_EX,2015.0,0.14727779235809146
PEI,T_LDV_C_GSL_PHEV35_EX,2020.0,0.06748499787644059
PEI,T_HDV_T_DSL_EX,2005.0,0.383
PEI,T_HDV_T_DSL_EX,2010.0,0.379
PEI,T_HDV_T_DSL_EX,2015.0,0.5800000000000001
PEI,T_HDV_T_DSL_EX,2020.0,0.645
PEI,T_LDV_LTF_DSL_EX,2005.0,0.07776
PEI,T_LDV_LTF_DSL_EX,2010.0,0.18233738537420963
PEI,T_LDV_LTF_DSL_EX,2015.0,0.44045177984076733
PEI,T_LDV_LTF_DSL_EX,2020.0,0.7378402689233383
PEI,T_LDV_LTF_GSL_EX,2005.0,1.8467999999999998
PEI,T_LDV_LTF_GSL_EX,2010.0,3.1805139332160386
PEI,T_LDV_LTF_GSL_EX,2015.0,4.753555732555769
PEI,T_LDV_LTF_GSL_EX,2020.0,4.760324725484089
PEI,T_LDV_LTF_GSL_HEV_EX,2020.0,0.21879646987829993
PEI,T_LDV_LTF_GSL_PHEV35_EX,2015.0,0.007992487603462562
PEI,T_LDV_LTF_GSL_PHEV35_EX,2020.0,0.016619290525628536
PEI,T_LDV_LTP_BEV300_EX,2015.0,0.02607799277085432
PEI,T_LDV_LTP_BEV300_EX,2020.0,0.6685326819134338
PEI,T_LDV_LTP_DSL_EX,2005.0,0.20355
PEI,T_LDV_LTP_DSL_EX,2010.0,0.4436877241609275
PEI,T_LDV_LTP_DSL_EX,2015.0,0.6878714519620464
PEI,T_LDV_LTP_DSL_EX,2020.0,0.8160307042933812
PEI,T_LDV_LTP_GSL_EX,2005.0,6.445749999999999
PEI,T_LDV_LTP_GSL_EX,2010.0,11.334451893089016
PEI,T_LDV_LTP_GSL_EX,2015.0,17.466963818637986
PEI,T_LDV_LTP_GSL_EX,2020.0,17.420194131227106
PEI,T_LDV_LTP_GSL_HEV_EX,2010.0,0.02518384948710356
PEI,T_LDV_LTP_GSL_HEV_EX,2015.0,0.12768341364161184
PEI,T_LDV_LTP_GSL_HEV_EX,2020.0,1.3123940215688916
PEI,T_LDV_LTP_GSL_PHEV35_EX,2015.0,0.039403322987500426
PEI,T_LDV_LTP_GSL_PHEV35_EX,2020.0,0.24084846099718582
PEI,T_MDV_T_DSL_EX,2005.0,0.40199999999999997
PEI,T_MDV_T_DSL_EX,2010.0,0.6828
PEI,T_MDV_T_DSL_EX,2015.0,1.0576458590062088
PEI,T_MDV_T_DSL_EX,2020.0,1.4023474439120611
PEI,T_MDV_T_GSL_EX,2005.0,0.268
PEI,T_MDV_T_GSL_EX,2010.0,0.45520000000000005
PEI,T_MDV_T_GSL_EX,2015.0,0.6563176876290701
PEI,T_MDV_T_GSL_EX,2020.0,0.9173700417304486
QC,T_LDV_C_BEV150_EX,2010.0,1.661288572299422
QC,T_LDV_C_BEV150_EX,2015.0,13.69277545055805
QC,T_LDV_C_BEV150_EX,2020.0,41.051258649941346
QC,T_LDV_C_DSL_EX,2005.0,23.96859
QC,T_LDV_C_DSL_EX,2010.0,34.587064335256386
QC,T_LDV_C_DSL_EX,2015.0,7.213539604924049
QC,T_LDV_C_DSL_EX,2020.0,0.012678187064310892
QC,T_LDV_C_GSL_EX,2005.0,774.98441
QC,T_LDV_C_GSL_EX,2010.0,1115.4929451570524
QC,T_LDV_C_GSL_EX,2015.0,924.4478642497324
QC,T_LDV_C_GSL_EX,2020.0,463.9527746454335
QC,T_LDV_C_GSL_HEV_EX,2010.0,20.52482487109493
QC,T_LDV_C_GSL_HEV_EX,2015.0,21.952406019496735
QC,T_LDV_C_GSL_HEV_EX,2020.0,36.9939667826315
QC,T_LDV_C_GSL_PHEV35_EX,2010.0,1.4858770642969577
QC,T_LDV_C_GSL_PHEV35_EX,2015.0,10.876414675288787
QC,T_LDV_C_GSL_PHEV35_EX,2020.0,4.191321734929321
QC,T_HDV_T_DSL_EX,2005.0,27.697
QC,T_HDV_T_DSL_EX,2010.0,25.933
QC,T_HDV_T_DSL_EX,2015.0,28.038999999999998
QC,T_HDV_T_DSL_EX,2020.0,26.398
QC,T_LDV_LTF_DSL_EX,2005.0,5.6376
QC,T_LDV_LTF_DSL_EX,2010.0,10.003234633999844
QC,T_LDV_LTF_DSL_EX,2015.0,22.441608411073826
QC,T_LDV_LTF_DSL_EX,2020.0,37.08624889724166
QC,T_LDV_LTF_GSL_EX,2005.0,133.893
QC,T_LDV_LTF_GSL_EX,2010.0,176.00832265800852
QC,T_LDV_LTF_GSL_EX,2015.0,241.92249209310228
QC,T_LDV_LTF_GSL_EX,2020.0,238.24033907779537
QC,T_LDV_LTF_GSL_HEV_EX,2010.0,0.03924977621344777
QC,T_LDV_LTF_GSL_HEV_EX,2020.0,11.080049323225689
QC,T_LDV_LTF_GSL_PHEV35_EX,2015.0,0.418899495823884
QC,T_LDV_LTF_GSL_PHEV35_EX,2020.0,0.8432352261708043
QC,T_LDV_LTP_BEV300_EX,2010.0,0.01596078812676559
QC,T_LDV_LTP_BEV300_EX,2015.0,1.3627449037178125
QC,T_LDV_LTP_BEV300_EX,2020.0,34.49022435537579
QC,T_LDV_LTP_DSL_EX,2005.0,15.10662
QC,T_LDV_LTP_DSL_EX,2010.0,24.86244696580265
QC,T_LDV_LTP_DSL_EX,2015.0,35.54412439497078
QC,T_LDV_LTP_DSL_EX,2020.0,41.55552180227575
QC,T_LDV_LTP_GSL_EX,2005.0,478.37629999999996
QC,T_LDV_LTP_GSL_EX,2010.0,640.480078289315
QC,T_LDV_LTP_GSL_EX,2015.0,905.1673822745885
QC,T_LDV_LTP_GSL_EX,2020.0,884.3669145989807
QC,T_LDV_LTP_GSL_HEV_EX,2010.0,1.4038276591180603
QC,T_LDV_LTP_GSL_HEV_EX,2015.0,6.684606915337687
QC,T_LDV_LTP_GSL_HEV_EX,2020.0,67.37589147268466
QC,T_LDV_LTP_GSL_PHEV35_EX,2010.0,0.004766297637505856
QC,T_LDV_LTP_GSL_PHEV35_EX,2015.0,2.097141511385199
QC,T_LDV_LTP_GSL_PHEV35_EX,2020.0,12.402447770683153
QC,T_MDV_T_DSL_EX,2005.0,43.311
QC,T_MDV_T_DSL_EX,2010.0,51.947399999999995
QC,T_MDV_T_DSL_EX,2015.0,65.26818802976894
QC,T_MDV_T_DSL_EX,2020.0,59.863510909370426
QC,T_MDV_T_GSL_EX,2005.0,28.874000000000002
QC,T_MDV_T_GSL_EX,2010.0,34.6316
QC,T_MDV_T_GSL_EX,2015.0,40.459536214492964
QC,T_MDV_T_GSL_EX,2020.0,39.04688090181422
SK,T_LDV_C_BEV150_EX,2010.0,0.08266934890204847
SK,T_LDV_C_BEV150_EX,2015.0,0.5174964891033901
SK,T_LDV_C_BEV150_EX,2020.0,1.652923164177083
SK,T_LDV_C_DSL_EX,2005.0,1.4438399999999998
SK,T_LDV_C_DSL_EX,2010.0,1.7509387455010152
SK,T_LDV_C_DSL_EX,2015.0,0.30650088068320014
SK,T_LDV_C_GSL_EX,2005.0,46.68416
SK,T_LDV_C_GSL_EX,2010.0,56.51524534527615
SK,T_LDV_C_GSL_EX,2015.0,37.04280736614474
SK,T_LDV_C_GSL_EX,2020.0,18.50137064330037
SK,T_LDV_C_GSL_HEV_EX,2010.0,1.0401684400476183
SK,T_LDV_C_GSL_HEV_EX,2015.0,0.862781357538015
SK,T_LDV_C_GSL_HEV_EX,2020.0,1.487016156355065
SK,T_LDV_C_GSL_PHEV35_EX,2010.0,0.07497812027316934
SK,T_LDV_C_GSL_PHEV35_EX,2015.0,0.4234139065306588
SK,T_LDV_C_GSL_PHEV35_EX,2020.0,0.16721647036535933
SK,T_HDV_T_DSL_EX,2005.0,6.0089999999999995
SK,T_HDV_T_DSL_EX,2010.0,6.324
SK,T_HDV_T_DSL_EX,2015.0,4.501
SK,T_HDV_T_DSL_EX,2020.0,4.388
SK,T_LDV_LTF_DSL_EX,2005.0,1.5128400000000002
SK,T_LDV_LTF_DSL_EX,2010.0,2.9902341582698284
SK,T_LDV_LTF_DSL_EX,2015.0,4.957681046334328
SK,T_LDV_LTF_DSL_EX,2020.0,6.433246581877931
SK,T_LDV_LTF_GSL_EX,2005.0,35.92995
SK,T_LDV_LTF_GSL_EX,2010.0,52.01903918780444
SK,T_LDV_LTF_GSL_EX,2015.0,53.52963569666469
SK,T_LDV_LTF_GSL_EX,2020.0,41.500815024210944
SK,T_LDV_LTF_GSL_HEV_EX,2010.0,0.011658538998444988
SK,T_LDV_LTF_GSL_HEV_EX,2020.0,1.8880847097417592
SK,T_LDV_LTF_GSL_PHEV35_EX,2015.0,0.08868325700097994
SK,T_LDV_LTF_GSL_PHEV35_EX,2020.0,0.14510876771413622
SK,T_LDV_LTP_BEV300_EX,2010.0,0.0027186013809476846
SK,T_LDV_LTP_BEV300_EX,2015.0,0.1635167162098446
SK,T_LDV_LTP_BEV300_EX,2020.0,3.3583014574329333
SK,T_LDV_LTP_DSL_EX,2005.0,2.2904999999999998
SK,T_LDV_LTP_DSL_EX,2010.0,4.243830992538771
SK,T_LDV_LTP_DSL_EX,2015.0,4.575673656758076
SK,T_LDV_LTP_DSL_EX,2020.0,4.0910573021654715
SK,T_LDV_LTP_GSL_EX,2005.0,72.5325
SK,T_LDV_LTP_GSL_EX,2010.0,107.93039268526107
SK,T_LDV_LTP_GSL_EX,2015.0,114.30723453518061
SK,T_LDV_LTP_GSL_EX,2020.0,87.25637477688046
SK,T_LDV_LTP_GSL_HEV_EX,2010.0,0.24475128682124764
SK,T_LDV_LTP_GSL_HEV_EX,2015.0,0.8046195423973383
SK,T_LDV_LTP_GSL_HEV_EX,2020.0,6.566652470243946
SK,T_LDV_LTP_GSL_PHEV35_EX,2015.0,0.24995554945412465
SK,T_LDV_LTP_GSL_PHEV35_EX,2020.0,1.2066139932771898
SK,T_MDV_T_DSL_EX,2005.0,13.795200000000001
SK,T_MDV_T_DSL_EX,2010.0,21.4344
SK,T_MDV_T_DSL_EX,2015.0,20.49037929434148
SK,T_MDV_T_DSL_EX,2020.0,20.089553906165015
SK,T_MDV_T_GSL_EX,2005.0,9.1968
SK,T_MDV_T_GSL_EX,2010.0,14.2896
SK,T_MDV_T_GSL_EX,2015.0,12.738942714731422
SK,T_MDV_T_GSL_EX,2020.0,13.126462461080813
