period,tech,sector,flow
2025,A_AGRI,agriculture,70.3
2025,E_A_ELC,agriculture,10.474700527920284
2025,E_BAT_1H-EXS,electricity,0.015757320264498973
2025,E_BAT_2H-NEW,electricity,8.233961333689227e-05
2025,E_BAT_3H-EXS,electricity,0.005537834709948491
2025,E_BAT_4H-EXS,electricity,0.02660298530675485
2025,E_BAT_5H-EXS,electricity,0.024751793145657744
2025,E_ELC_DX_to_DEM,electricity,335.52350431636194
2025,E_ELC_TX_to_DX,electricity,253.726241301343
2025,E_HYD_DLY-EXS,electricity,56.17604239198922
2025,E_HYD_ROR-EXS,electricity,73.75917739047897
2025,E_INT_IN-QC,electricity,1.3399077636508958
2025,E_INT_IN-USA,electricity,0.13827146706347926
2025,E_INT_OUT-USA,electricity,24.356897999999997
2025,E_I_ELC,industrial,136.62345197490194
2025,E_NG_CC-EXS,electricity,0.09356002489918426
2025,E_NG_CC_RFIT_BYPASS,electricity,0.09357681431296716
2025,E_NG_CG-EXS,electricity,8.036449914273556
2025,E_NUC_CANDU-EXS,electricity,201.88734132356998
2025,E_PUMP_4H-EXS,electricity,0.35330845947916056
2025,E_R_ELC,residential,146.82167202671673
2025,E_SOL_PV-EXS,electricity,3.8684648548110245
2025,E_SOL_PV-NEW-1,electricity,0.00011481013424934166
2025,E_SOL_PV-NEW-2,electricity,9.089037018426815e-05
2025,E_SOL_PV-NEW-3,electricity,5.0856744168683614e-05
2025,E_SOL_PV-NEW-4,electricity,7.833156091828652e-05
2025,E_SOL_PV-NEW-5,electricity,0.00010372833570257952
2025,E_T_ELC,transportation,41.60367978682299
2025,E_WND_ON-EXS,electricity,38.788492577903135
2025,E_WND_ON-NEW-1,electricity,0.003018055605279868
2025,E_WND_ON-NEW-10,electricity,0.0020050599404767403
2025,E_WND_ON-NEW-11,electricity,0.0022134381231704876
2025,E_WND_ON-NEW-12,electricity,0.005049479837338478
2025,E_WND_ON-NEW-13,electricity,0.002678527798315041
2025,E_WND_ON-NEW-2,electricity,0.0027055600592525604
2025,E_WND_ON-NEW-3,electricity,0.011003548428714415
2025,E_WND_ON-NEW-4,electricity,0.0030821530992207343
2025,E_WND_ON-NEW-5,electricity,0.0033392039061756924
2025,E_WND_ON-NEW-6,electricity,0.006933085481752091
2025,E_WND_ON-NEW-7,electricity,0.0038055310521721585
2025,E_WND_ON-NEW-8,electricity,0.009944836695987684
2025,E_WND_ON-NEW-9,electricity,0.002794137668983436
2025,F_A_DSL,agriculture,22.285100442780994
2025,F_A_GSL,agriculture,7.943899997337439
2025,F_A_NG,agriculture,29.596299031961276
2025,F_E_NG,electricity,17.045940962505462
2025,F_E_U_NAT,electricity,617.7703222875468
2025,F_IMP_CNG,fuel,0.2133801184548101
2025,F_IMP_COAL,fuel,12.459800018001687
2025,F_IMP_COKE,fuel,84.89520001375999
2025,F_IMP_DSL,fuel,325.2383701341881
2025,F_IMP_ETH,fuel,48.422467779008784
2025,F_IMP_GSL,fuel,399.7254128090863
2025,F_IMP_HFO,fuel,12.116209484270215
2025,F_IMP_JTF,fuel,120.59083088116319
2025,F_IMP_LPG,fuel,7.6157609345819415
2025,F_IMP_NG,fuel,726.6191523278219
2025,F_IMP_NGL,fuel,9.227813618368327
2025,F_IMP_OIL,fuel,7.904408715865135
2025,F_IMP_OTH,fuel,7.778596146906132
2025,F_IMP_PCOKE,fuel,12.918102787953588
2025,F_IMP_RDSL,fuel,10.736428232201998
2025,F_IMP_U_NAT,fuel,617.7703222875468
2025,F_IMP_WOOD,fuel,35.45661762264443
2025,F_I_COAL,industrial,12.459800018001687
2025,F_I_COKE,industrial,84.89520001375999
2025,F_I_DSL,industrial,45.27910038622827
2025,F_I_HFO,industrial,3.055239539122968
2025,F_I_NG,industrial,253.99070132373222
2025,F_I_NGL,industrial,9.227813618368327
2025,F_I_OTH,industrial,7.778596146906132
2025,F_I_PCOKE,industrial,12.918112792380658
2025,F_I_WOOD,industrial,34.67220142618844
2025,F_R_LPG,residential,7.6157609345819415
2025,F_R_NG,residential,402.9084638944699
2025,F_R_OIL,residential,7.904440792642825
2025,F_R_WOOD,residential,0.7844161964559911
2025,F_T_CNG,transportation,0.2133801184548101
2025,F_T_DSL,transportation,257.6742775728479
2025,F_T_ETH,transportation,48.422467779008784
2025,F_T_GSL,transportation,391.78178475743476
2025,F_T_HFO,transportation,9.06099106600798
2025,F_T_JTF,transportation,120.59089600176804
2025,F_T_NG,transportation,23.077747115153045
2025,F_T_RDSL,transportation,10.736428232201998
2025,I_CEMENT,industrial,25.300000009176244
2025,I_CHEM,industrial,66.90000001209235
2025,I_CON,industrial,31.7
2025,I_FOR,industrial,4.1
2025,I_MINING,industrial,43.4
2025,I_OTH_MAN,industrial,175.20000001274272
2025,I_PULP,industrial,69.1000000153097
2025,I_SMELT,industrial,15.1
2025,I_STEEL,industrial,170.10000001275964
2025,R_APP_CL_WASH-EXS,residential,0.18304195544921342
2025,R_APP_CL_WASH-TYP-NEW,residential,0.07128094995597929
2025,R_APP_COOK_ELEC-EXS,residential,0.19107460096217047
2025,R_APP_COOK_NG-EXS,residential,0.02379904080886585
2025,R_APP_COOK_NG-TYP-NEW,residential,0.09394873195603239
2025,R_APP_DRY_ELEC-EXS,residential,0.13159878460287341
2025,R_APP_DRY_NG-EXS,residential,0.002359939735821905
2025,R_APP_DRY_NG-TYP-NEW,residential,0.1024832291831691
2025,R_APP_DS_WASH-EXS,residential,0.13159878175496553
2025,R_APP_DS_WASH-TYP-NEW,residential,0.08776665848663782
2025,R_APP_FREZ-EXS,residential,0.12797088940855822
2025,R_APP_FREZ-TYP-NEW,residential,0.05100555753227824
2025,R_APP_OTH,residential,6.013686593900043
2025,R_APP_REFR-EXS,residential,0.23049730727247136
2025,R_APP_REFR-TYP-NEW,residential,0.19591684592838615
2025,R_LGT_CFL-EXS,residential,7.443995138300513
2025,R_LGT_LED-EXS,residential,10.819325357382287
2025,R_LGT_LED-TYP-NEW,residential,25.706620175906455
2025,R_LGT_T12-EXS,residential,3.138020437248163
2025,R_SPC_CENT_AC-EXS,residential,52.141282680467434
2025,R_SPC_ROOM_AC-EXS,residential,1.6197021507727625
2025,R_SPHC_AIR_HP-TYP-NEW,residential,40.306855262137596
2025,R_SPH_ELEC-EXS,residential,34.63493950707739
2025,R_SPH_HP-EXS,residential,3.2382757376279145
2025,R_SPH_NG-ELC-EXS,residential,1.5840907335680214
2025,R_SPH_NG-EXS,residential,164.2750921552449
2025,R_SPH_NG_FRN-TYP-NEW,residential,95.48758993071117
2025,R_SPH_OIL-ELC-EXS,residential,0.5490853908446369
2025,R_SPH_OIL-EXS,residential,2.1711507562931307
2025,R_SPH_OTH-EXS,residential,3.73111964032866
2025,R_SPH_WOOD-ELC-EXS,residential,4.892471897897728
2025,R_SPH_WOOD-EXS,residential,0.3921531975127193
2025,R_SPH_WOOD-OIL-EXS,residential,3.2545009405023064
2025,R_WAH_ELC-EXS,residential,5.509848949954629
2025,R_WAH_ELEC-TYP-NEW,residential,0.00011458562922310548
2025,R_WAH_HP-TYP-NEW,residential,5.5054377962947674e-05
2025,R_WAH_LPG-EXS,residential,0.08848510312658285
2025,R_WAH_NG-EXS,residential,28.210871403387838
2025,R_WAH_NG-TYP-NEW,residential,26.744843420782377
2025,R_WAH_OIL-EXS,residential,0.12450175637195852
2025,T_BLND_ETH_GSL,transportation,440.20425253644356
2025,T_BLND_GSL_ELC_PHEV35,transportation,78.803267415714
2025,T_BLND_GSL_ELC_PHEV50,transportation,10.675430380843716
2025,T_BLND_JTF,transportation,120.5908955374817
2025,T_BLND_RDSL_DSL,transportation,268.41070580504993
2025,T_ELC_AC_DC,transportation,2.8688445383665665e-05
2025,T_H2_COMP_100_700,transportation,18.645791182224187
2025,T_H2_COMP_10_100,transportation,18.645791181910802
2025,T_H2_HDV_REFUEL,transportation,5.947829206332201
2025,T_H2_MDV_REFUEL,transportation,12.604727485670592
2025,T_H2_distribution,transportation,18.64579118141647
2025,T_HDV_AJF_JFL_EX,transportation,0.907337578422099
2025,T_HDV_AJF_JFL_N,transportation,0.1289617600458687
2025,T_HDV_AJP_JFL_EX,transportation,65.68398210102882
2025,T_HDV_AJP_JFL_N,transportation,10.660138938284863
2025,T_HDV_BIC_DSL_EX,transportation,0.4208540532514955
2025,T_HDV_BIC_DSL_N,transportation,1.5037450830584906
2025,T_HDV_BIC_GSL_EX,transportation,0.0518773647701279
2025,T_HDV_BS_CNG_EX,transportation,0.2581337512909716
2025,T_HDV_BS_DSL_EX,transportation,3.5806334304379
2025,T_HDV_BS_FCHEV_N,transportation,6.405628892464002
2025,T_HDV_BS_GSL_EX,transportation,0.33870129187947123
2025,T_HDV_BT_BEV_EX,transportation,0.831218099927387
2025,T_HDV_BT_BEV_N,transportation,0.44818154462880194
2025,T_HDV_BT_CNG_EX,transportation,0.039341346338534484
2025,T_HDV_BT_DSL_EX,transportation,1.9593530271400388
2025,T_HDV_BT_FCHEV_N,transportation,4.785676165606264
2025,T_HDV_BT_GSL_EX,transportation,0.022192763746020673
2025,T_HDV_CHRG,transportation,0.6136345209949027
2025,T_HDV_RF_DSL_EX,transportation,91.62120531833006
2025,T_HDV_RF_DSL_N,transportation,7.280346267091971
2025,T_HDV_RICP_DSL_EX,transportation,0.3414580821025186
2025,T_HDV_RICP_DSL_N,transportation,0.00811838389748138
2025,T_HDV_T_DSL_EX,transportation,80.4670388592051
2025,T_HDV_T_DSL_HEV_N,transportation,18.397701049360688
2025,T_HDV_WTF_HFO_EX,transportation,41.34476543954008
2025,T_HDV_WTF_HFO_N,transportation,16.21596970933912
2025,T_I_H2_SMR,transportation,18.6451493334906
2025,T_LDV_BEV_CHRG,transportation,0.6606679796669391
2025,T_LDV_C_BEV150_EX,transportation,0.9829918856168738
2025,T_LDV_C_DSL_EX,transportation,0.8810451277721307
2025,T_LDV_C_GSL_EX,transportation,63.91753086655657
2025,T_LDV_C_GSL_HEV_EX,transportation,1.767793797261522
2025,T_LDV_C_GSL_PHEV35_EX,transportation,0.6102280715907124
2025,T_LDV_C_GSL_PHEV35_N,transportation,63.18819506725121
2025,T_LDV_LTF_DSL_EX,transportation,0.7186804187990378
2025,T_LDV_LTF_GSL_EX,transportation,8.115639503781585
2025,T_LDV_LTF_GSL_PHEV35_EX,transportation,0.009688508575676285
2025,T_LDV_LTF_GSL_PHEV50_N,transportation,5.442045412876465
2025,T_LDV_LTP_BEV300_EX,transportation,0.12340682338379183
2025,T_LDV_LTP_DSL_EX,transportation,3.314572708646824
2025,T_LDV_LTP_GSL_EX,transportation,79.3206009196474
2025,T_LDV_LTP_GSL_HEV_EX,transportation,0.587045750680528
2025,T_LDV_LTP_GSL_PHEV35_EX,transportation,0.12509739333653577
2025,T_LDV_LTP_GSL_PHEV35_N,transportation,49.5733852252944
2025,T_LDV_M_BEV_N,transportation,0.33768126768924545
2025,T_LDV_M_GSL_EX,transportation,0.9753686655924524
2025,T_LDV_PHEV_CHRG,transportation,34.307752352754584
2025,T_MDV_T_DSL_EX,transportation,4.929222911719014
2025,T_MDV_T_FCHEV_N,transportation,3.7390629768384804
2025,T_MDV_T_GSL_EX,transportation,3.1392096696457714
2025,T_OFF,transportation,50.400877397
2030,A_AGRI,agriculture,77.6778279729749
2030,E_A_ELC,agriculture,11.573997437106117
2030,E_BAT_2H-NEW,electricity,0.0013095808914472494
2030,E_BAT_4H-EXS,electricity,0.03611971528924973
2030,E_BAT_4H-NEW,electricity,0.0006015653724025825
2030,E_BAT_5H-EXS,electricity,0.0342599398986136
2030,E_ELC_DX_to_DEM,electricity,370.4979727419719
2030,E_ELC_TX_to_DX,electricity,288.6898797138032
2030,E_HYD_DLY-EXS,electricity,56.17603065405925
2030,E_HYD_ROR-EXS,electricity,73.7693477744958
2030,E_INT_IN-QC,electricity,1.2338767244494613
2030,E_INT_IN-USA,electricity,0.1398027168159464
2030,E_INT_OUT-USA,electricity,24.356897999999997
2030,E_I_ELC,industrial,150.9617439805983
2030,E_NG_CC_RFIT_BYPASS,electricity,3.687103388920255e-05
2030,E_NG_CG-EXS,electricity,8.037637660564574
2030,E_NUC_CANDU-EXS,electricity,207.69778230839586
2030,E_PUMP_4H-EXS,electricity,0.5199319931216343
2030,E_R_ELC,residential,127.93422756335161
2030,E_SOL_PV-EXS,electricity,3.8718067675931938
2030,E_SOL_PV-NEW-1,electricity,0.0012785245627646134
2030,E_SOL_PV-NEW-2,electricity,0.001524533756412807
2030,E_SOL_PV-NEW-3,electricity,0.001038342780071819
2030,E_SOL_PV-NEW-4,electricity,0.0013186461488071753
2030,E_SOL_PV-NEW-5,electricity,0.0017696427152183304
2030,E_T_ELC,transportation,80.0280037609159
2030,E_WND_ON-EXS,electricity,38.385351542071206
2030,E_WND_ON-NEW-1,electricity,0.029034924766813353
2030,E_WND_ON-NEW-10,electricity,0.010258751279933018
2030,E_WND_ON-NEW-11,electricity,0.01626955599790667
2030,E_WND_ON-NEW-12,electricity,10.576475676040914
2030,E_WND_ON-NEW-13,electricity,0.024183518537497516
2030,E_WND_ON-NEW-2,electricity,0.017297156826105418
2030,E_WND_ON-NEW-3,electricity,6.670962897705754
2030,E_WND_ON-NEW-4,electricity,0.03143010905350252
2030,E_WND_ON-NEW-5,electricity,0.04401524245523838
2030,E_WND_ON-NEW-6,electricity,6.5402550058103435
2030,E_WND_ON-NEW-7,electricity,0.0353356484642702
2030,E_WND_ON-NEW-8,electricity,8.865336315561533
2030,E_WND_ON-NEW-9,electricity,0.01571026995280415
2030,F_A_DSL,agriculture,24.623872477234286
2030,F_A_GSL,agriculture,8.777595048023022
2030,F_A_NG,agriculture,32.702363010611464
2030,F_E_NG,electricity,16.882184191850662
2030,F_E_U_NAT,electricity,635.5501294626557
2030,F_IMP_CNG,fuel,0.08789233228811914
2030,F_IMP_COAL,fuel,13.767428145881004
2030,F_IMP_COKE,fuel,93.8047615591716
2030,F_IMP_DSL,fuel,301.69563009900634
2030,F_IMP_ETH,fuel,49.64041473880512
2030,F_IMP_GSL,fuel,290.07316419833217
2030,F_IMP_HFO,fuel,13.364535523754702
2030,F_IMP_JTF,fuel,122.8561957211897
2030,F_IMP_LPG,fuel,5.344224064241552
2030,F_IMP_NG,fuel,793.8498823784292
2030,F_IMP_NGL,fuel,10.196243991545971
2030,F_IMP_OIL,fuel,4.995883741295562
2030,F_IMP_OTH,fuel,8.594938011571122
2030,F_IMP_PCOKE,fuel,14.273827649931317
2030,F_IMP_RDSL,fuel,9.460031737589686
2030,F_IMP_U_NAT,fuel,635.5501294626557
2030,F_IMP_WOOD,fuel,38.83408801427826
2030,F_I_COAL,industrial,13.767428145881004
2030,F_I_COKE,industrial,93.8047615591716
2030,F_I_DSL,industrial,50.03104133766265
2030,F_I_HFO,industrial,3.375855927597642
2030,F_I_NG,industrial,280.64638647530967
2030,F_I_NGL,industrial,10.196243991545971
2030,F_I_OTH,industrial,8.594938011571122
2030,F_I_PCOKE,industrial,14.273831128269652
2030,F_I_WOOD,industrial,38.31097322994416
2030,F_R_LPG,residential,5.344224064241552
2030,F_R_NG,residential,413.2741119126344
2030,F_R_OIL,residential,4.9958967910671825
2030,F_R_WOOD,residential,0.5231147843340972
2030,F_T_CNG,transportation,0.08789233228811914
2030,F_T_DSL,transportation,227.04076170215245
2030,F_T_ETH,transportation,49.64041473880512
2030,F_T_GSL,transportation,281.29568351989565
2030,F_T_HFO,transportation,9.988688135297831
2030,F_T_JTF,transportation,122.85622269132591
2030,F_T_NG,transportation,50.34483678802302
2030,F_T_RDSL,transportation,9.460031737589686
2030,I_CEMENT,industrial,27.955178492448837
2030,I_CHEM,industrial,73.92100556094216
2030,I_CON,industrial,35.02684416726541
2030,I_FOR,industrial,4.530285840738988
2030,I_MINING,industrial,47.95473305415365
2030,I_OTH_MAN,industrial,193.58684860967833
2030,I_PULP,industrial,76.35189065395033
2030,I_SMELT,industrial,16.68471127280842
2030,I_STEEL,industrial,187.95161502109505
2030,R_APP_CL_WASH-EXS,residential,0.07321678626651686
2030,R_APP_CL_WASH-TYP-NEW,residential,0.18619885996477895
2030,R_APP_COOK_ELEC-EXS,residential,0.117584352113993
2030,R_APP_COOK_NG-EXS,residential,0.011711866143401545
2030,R_APP_COOK_NG-TYP-NEW,residential,0.18558408037556332
2030,R_APP_DRY_ELEC-EXS,residential,0.06579938066966504
2030,R_APP_DRY_NG-EXS,residential,0.0002939366623070135
2030,R_APP_DRY_NG-TYP-NEW,residential,0.17453299107139575
2030,R_APP_DS_WASH-EXS,residential,0.0717811486968653
2030,R_APP_DS_WASH-TYP-NEW,residential,0.15090303302605962
2030,R_APP_FREZ-EXS,residential,0.0903323884732639
2030,R_APP_FREZ-TYP-NEW,residential,0.09223029295501423
2030,R_APP_OTH,residential,6.1341855904020015
2030,R_APP_REFR-EXS,residential,0.02634254485026492
2030,R_APP_REFR-TYP-NEW,residential,0.40861586564742103
2030,R_LGT_CFL-EXS,residential,4.785438945685503
2030,R_LGT_LED-EXS,residential,10.819326018670916
2030,R_LGT_LED-TYP-NEW,residential,29.991267689067147
2030,R_LGT_T12-EXS,residential,2.4558522705961177
2030,R_SPC_CENT_AC-EXS,residential,36.80558692492248
2030,R_SPC_ROOM_AC-TYP-NEW,residential,18.24464650633045
2030,R_SPHC_AIR_HP-TYP-NEW,residential,40.354256896501596
2030,R_SPH_ELEC-EXS,residential,25.520473249812113
2030,R_SPH_HP-EXS,residential,1.7663308581605317
2030,R_SPH_NG-ELC-EXS,residential,1.1181825794014724
2030,R_SPH_NG-EXS,residential,115.95888791450301
2030,R_SPH_NG_FRN-TYP-NEW,residential,166.35017280644948
2030,R_SPH_OIL-ELC-EXS,residential,0.38436551367030986
2030,R_SPH_OIL-EXS,residential,1.519809843685541
2030,R_SPH_OTH-EXS,residential,2.6337315723243697
2030,R_SPH_WOOD-ELC-EXS,residential,3.2616418449933593
2030,R_SPH_WOOD-EXS,residential,0.26143570552106454
2030,R_SPH_WOOD-OIL-EXS,residential,2.2781485161179327
2030,R_WAH_ELC-EXS,residential,3.0053649967564846
2030,R_WAH_ELEC-TYP-NEW,residential,8.481579620516777
2030,R_WAH_HP-TYP-NEW,residential,7.691670392070317e-05
2030,R_WAH_LPG-EXS,residential,0.04424260495262988
2030,R_WAH_NG-EXS,residential,14.105435017944412
2030,R_WAH_NG-TYP-NEW,residential,36.19346370917183
2030,R_WAH_OIL-EXS,residential,0.06451722821054559
2030,T_BLND_ETH_GSL,transportation,330.9360982587008
2030,T_BLND_GSL_ELC_PHEV35,transportation,103.07314372858133
2030,T_BLND_GSL_ELC_PHEV50,transportation,16.455000012870915
2030,T_BLND_JTF,transportation,122.85622151895467
2030,T_BLND_RDSL_DSL,transportation,236.50079343974213
2030,T_ELC_AC_DC,transportation,0.00029411533148935643
2030,T_H2_COMP_100_700,transportation,40.67700946629832
2030,T_H2_COMP_10_100,transportation,40.6770094656147
2030,T_H2_HDV_REFUEL,transportation,27.86880941962025
2030,T_H2_MDV_REFUEL,transportation,12.604718159764102
2030,T_H2_distribution,transportation,40.67700946453629
2030,T_HDV_AJF_JFL_EX,transportation,0.7359027815334203
2030,T_HDV_AJF_JFL_N,transportation,0.41761450993048654
2030,T_HDV_AJP_JFL_EX,transportation,54.751936398661705
2030,T_HDV_AJP_JFL_N,transportation,30.227646917054063
2030,T_HDV_BIC_DSL_EX,transportation,0.18684868213743894
2030,T_HDV_BIC_DSL_N,transportation,1.7945225180965119
2030,T_HDV_BIC_FCEV_N,transportation,0.1877048932420376
2030,T_HDV_BIC_GSL_EX,transportation,0.031034870088300033
2030,T_HDV_BS_CNG_EX,transportation,0.10919959042119724
2030,T_HDV_BS_DSL_EX,transportation,1.5068040600018668
2030,T_HDV_BS_FCHEV_N,transportation,9.980902977904357
2030,T_HDV_BS_GSL_EX,transportation,0.1831441902400509
2030,T_HDV_BT_BEV_EX,transportation,0.4218173661152535
2030,T_HDV_BT_BEV_N,transportation,1.9332357729125644
2030,T_HDV_BT_CNG_EX,transportation,0.013940102806695977
2030,T_HDV_BT_DSL_EX,transportation,0.8366429316084479
2030,T_HDV_BT_FCHEV_N,transportation,5.781607006251324
2030,T_HDV_BT_GSL_EX,transportation,0.01360049023321166
2030,T_HDV_CHRG,transportation,1.1310661831406308
2030,T_HDV_RF_DSL_EX,transportation,74.35646700231678
2030,T_HDV_RF_DSL_N,transportation,35.73198505474045
2030,T_HDV_RICP_DSL_EX,transportation,0.34145676252003493
2030,T_HDV_RICP_DSL_N,transportation,0.04765949033626553
2030,T_HDV_T_DSL_EX,transportation,62.71807761530729
2030,T_HDV_T_DSL_HEV_N,transportation,25.53724794747981
2030,T_HDV_T_FCHEV_N,transportation,21.792380417963102
2030,T_HDV_WTF_HFO_EX,transportation,41.344761766074875
2030,T_HDV_WTF_HFO_N,transportation,22.7267293543575
2030,T_I_H2_SMR,transportation,40.674984428423656
2030,T_LDV_BEV_CHRG,transportation,17.249855378028773
2030,T_LDV_C_BEV150_EX,transportation,0.8131342955064944
2030,T_LDV_C_BEV150_N,transportation,3.7358929215964274
2030,T_LDV_C_BEV200_N,transportation,7.471786339219415
2030,T_LDV_C_BEV300_N,transportation,11.207679586020507
2030,T_LDV_C_BEV400_N,transportation,14.943572973472412
2030,T_LDV_C_DSL_EX,transportation,0.08342939229739668
2030,T_LDV_C_GSL_EX,transportation,34.451259417659735
2030,T_LDV_C_GSL_HEV_EX,transportation,1.0410829403392416
2030,T_LDV_C_GSL_PHEV35_EX,transportation,0.49736816830026265
2030,T_LDV_C_GSL_PHEV35_N,transportation,71.96029964598443
2030,T_LDV_LTF_DSL_EX,transportation,0.5892103746999409
2030,T_LDV_LTF_GSL_EX,transportation,5.930217163461526
2030,T_LDV_LTF_GSL_PHEV35_EX,transportation,0.010628172614715665
2030,T_LDV_LTF_GSL_PHEV50_N,transportation,9.37246713162742
2030,T_LDV_LTP_BEV300_EX,transportation,0.13383684332982165
2030,T_LDV_LTP_DSL_EX,transportation,2.1144866572267795
2030,T_LDV_LTP_GSL_EX,transportation,52.88288990450584
2030,T_LDV_LTP_GSL_HEV_EX,transportation,0.5646367608789457
2030,T_LDV_LTP_GSL_PHEV35_EX,transportation,0.13543954399669475
2030,T_LDV_LTP_GSL_PHEV35_N,transportation,92.261091973705
2030,T_LDV_M_BEV_N,transportation,0.9575943754556494
2030,T_LDV_M_GSL_EX,transportation,0.5039312392435344
2030,T_LDV_PHEV_CHRG,transportation,46.114512681306856
2030,T_MDV_CHRG,transportation,3.468672455545496
2030,T_MDV_T_BEV_N,transportation,2.3973419099420457
2030,T_MDV_T_DSL_EX,transportation,3.8426135952927307
2030,T_MDV_T_FCHEV_N,transportation,4.496356653569459
2030,T_MDV_T_GSL_EX,transportation,2.4067500636379466
2030,T_OFF,transportation,56.101838994
2035,A_AGRI,agriculture,83.20164145810314
2035,E_A_ELC,agriculture,12.39704617259417
2035,E_BAT_2H-NEW,electricity,0.011916479333929928
2035,E_BAT_4H-NEW,electricity,0.007251122680894697
2035,E_ELC_DX_to_DEM,electricity,412.62942218056185
2035,E_ELC_TX_to_DX,electricity,330.80754276572014
2035,E_HYD_DLY-EXS,electricity,56.039252252035446
2035,E_HYD_ROR-EXS,electricity,73.78302590264232
2035,E_INT_IN-QC,electricity,1.29398382273388
2035,E_INT_IN-USA,electricity,0.11989549214571463
2035,E_INT_OUT-QC,electricity,24.356897999999997
2035,E_I_ELC,industrial,146.3389605368005
2035,E_NG_CC-EXS,electricity,5.997788906213588
2035,E_NG_CC-NEW,electricity,0.01393100701808084
2035,E_NG_CC_RFIT_BYPASS,electricity,6.010566232156017
2035,E_NG_CG-EXS,electricity,8.038260784383741
2035,E_NUC_CANDU-EXS,electricity,127.25601063850748
2035,E_PUMP_4H-EXS,electricity,0.8312658633305288
2035,E_R_ELC,residential,102.60321063279896
2035,E_SOL_PV-EXS,electricity,3.4603997430577946
2035,E_SOL_PV-NEW-1,electricity,15.21543362030338
2035,E_SOL_PV-NEW-2,electricity,11.456101349140416
2035,E_SOL_PV-NEW-3,electricity,0.00792575108091751
2035,E_SOL_PV-NEW-4,electricity,0.025846923875293415
2035,E_SOL_PV-NEW-5,electricity,11.954682796305187
2035,E_T_ELC,transportation,151.29020483836823
2035,E_WND_ON-EXS,electricity,35.400694079908085
2035,E_WND_ON-NEW-1,electricity,4.808732819810454
2035,E_WND_ON-NEW-10,electricity,0.030005514470681945
2035,E_WND_ON-NEW-11,electricity,0.26093370555003803
2035,E_WND_ON-NEW-12,electricity,32.747747820428685
2035,E_WND_ON-NEW-13,electricity,24.372875233962247
2035,E_WND_ON-NEW-2,electricity,7.978264118297996
2035,E_WND_ON-NEW-3,electricity,6.471993449008009
2035,E_WND_ON-NEW-4,electricity,4.7771704696589214
2035,E_WND_ON-NEW-5,electricity,6.494592912435016
2035,E_WND_ON-NEW-6,electricity,6.297957257370669
2035,E_WND_ON-NEW-7,electricity,15.06744772454073
2035,E_WND_ON-NEW-8,electricity,8.602744489235029
2035,E_WND_ON-NEW-9,electricity,0.08226836601403757
2035,F_A_DSL,agriculture,26.3749221257978
2035,F_A_GSL,agriculture,9.40178636848993
2035,F_A_NG,agriculture,35.02788679122124
2035,F_E_BIO_M,electricity,0.0002837340658252208
2035,F_E_NG,electricity,27.798069528067845
2035,F_E_U_NAT,electricity,389.4002866250564
2035,F_IMP_BIO_M,fuel,0.0002837340658252208
2035,F_IMP_COAL,fuel,13.345839299235145
2035,F_IMP_COKE,fuel,90.93225413438552
2035,F_IMP_DSL,fuel,249.15375646911056
2035,F_IMP_ETH,fuel,15.572860318828457
2035,F_IMP_GSL,fuel,97.64790940855028
2035,F_IMP_HFO,fuel,13.882351862059375
2035,F_IMP_JTF,fuel,125.07857396857554
2035,F_IMP_LPG,fuel,3.072687020035362
2035,F_IMP_NG,fuel,849.7345978330384
2035,F_IMP_NGL,fuel,9.884012160509055
2035,F_IMP_OIL,fuel,3.1386337882570694
2035,F_IMP_OTH,fuel,8.331738462182605
2035,F_IMP_PCOKE,fuel,13.83673176071205
2035,F_IMP_RDSL,fuel,7.261661929188543
2035,F_IMP_U_NAT,fuel,389.4002866250564
2035,F_IMP_WOOD,fuel,37.39963989906457
2035,F_I_COAL,industrial,13.345839299235145
2035,F_I_COKE,industrial,90.93225413438552
2035,F_I_DSL,industrial,48.49898181929025
2035,F_I_HFO,industrial,3.272478593154628
2035,F_I_NG,industrial,272.0523647559682
2035,F_I_NGL,industrial,9.884012160509055
2035,F_I_OTH,industrial,8.331738462182605
2035,F_I_PCOKE,industrial,13.836733908978188
2035,F_I_WOOD,industrial,37.13781085676125
2035,F_R_LPG,residential,3.072687020035362
2035,F_R_NG,residential,464.13337936396107
2035,F_R_OIL,residential,3.138643338972001
2035,F_R_WOOD,residential,0.2618290423033182
2035,F_T_DSL,transportation,174.27988630052502
2035,F_T_ETH,transportation,15.572860318828457
2035,F_T_GSL,transportation,88.24620847336125
2035,F_T_HFO,transportation,10.609879391502115
2035,F_T_JTF,transportation,125.07859388876831
2035,F_T_NG,transportation,50.72289739382006
2035,F_T_RDSL,transportation,7.261661929188543
2035,I_CEMENT,industrial,27.09912964701541
2035,I_CHEM,industrial,71.65738230985768
2035,I_CON,industrial,33.95424541382867
2035,I_FOR,industrial,4.391558554610584
2035,I_MINING,industrial,46.486253990915856
2035,I_OTH_MAN,industrial,187.658794853812
2035,I_PULP,industrial,74.01382837465897
2035,I_SMELT,industrial,16.173788866551497
2035,I_STEEL,industrial,182.19612446573876
2035,R_APP_CL_WASH-TYP-NEW,residential,0.27032269972275336
2035,R_APP_COOK_ELEC-EXS,residential,0.03232605678996073
2035,R_APP_COOK_NG-TYP-NEW,residential,0.2951375586475494
2035,R_APP_DRY_NG-TYP-NEW,residential,0.25192845047912876
2035,R_APP_DS_WASH-EXS,residential,0.0038891295361975554
2035,R_APP_DS_WASH-TYP-NEW,residential,0.22652434695747636
2035,R_APP_FREZ-EXS,residential,0.05269388605771977
2035,R_APP_FREZ-TYP-NEW,residential,0.1375442830340476
2035,R_APP_OTH,residential,6.392085305050966
2035,R_APP_REFR-TYP-NEW,residential,0.45324537618999455
2035,R_LGT_CFL-EXS,residential,1.8184704259190587
2035,R_LGT_LED-EXS,residential,10.278374910232191
2035,R_LGT_LED-TYP-NEW,residential,36.290235712800786
2035,R_LGT_T12-EXS,residential,1.6849919169727763
2035,R_SPC_CENT_AC-EXS,residential,21.469694604315865
2035,R_SPC_ROOM_AC-TYP-NEW,residential,38.610745032011856
2035,R_SPHC_AIR_HP-TYP-NEW,residential,32.31470996042801
2035,R_SPH_ELEC-EXS,residential,16.40601884620546
2035,R_SPH_HP-EXS,residential,0.11775332399313429
2035,R_SPH_NG-ELC-EXS,residential,0.6522712446272287
2035,R_SPH_NG-EXS,residential,67.64268359582299
2035,R_SPH_NG_FRN-TYP-NEW,residential,250.7637528887728
2035,R_SPH_OIL-ELC-EXS,residential,0.247091075819218
2035,R_SPH_OIL-EXS,residential,0.9770210918010317
2035,R_SPH_OTH-EXS,residential,1.536343510017681
2035,R_SPH_WOOD-ELC-EXS,residential,1.63082068777274
2035,R_SPH_WOOD-EXS,residential,0.13071838103149888
2035,R_SPH_WOOD-OIL-EXS,residential,1.4645250540427743
2035,R_WAH_ELC-EXS,residential,0.19035714852463773
2035,R_WAH_ELEC-TYP-NEW,residential,8.506106365260429
2035,R_WAH_HP-TYP-NEW,residential,0.00015266056023772458
2035,R_WAH_NG-TYP-NEW,residential,55.794985435698784
2035,R_WAH_OIL-EXS,residential,0.0033255252048011814
2035,T_BLND_ETH_GSL,transportation,103.81906879218971
2035,T_BLND_GSL_ELC_PHEV35,transportation,89.44183895817945
2035,T_BLND_GSL_ELC_PHEV50,transportation,25.114288162569064
2035,T_BLND_JTF,transportation,125.07859204806483
2035,T_BLND_RDSL_DSL,transportation,181.54154822971356
2035,T_ELC_AC_DC,transportation,0.00097812132902198
2035,T_H2_COMP_100_700,transportation,40.98439303142555
2035,T_H2_COMP_10_100,transportation,40.984393030736506
2035,T_H2_HDV_REFUEL,transportation,28.86742746822976
2035,T_H2_MDV_REFUEL,transportation,11.911924186463505
2035,T_H2_distribution,transportation,40.984393029649944
2035,T_HDV_AJF_JFL_EX,transportation,0.6086782560400312
2035,T_HDV_AJF_JFL_N,transportation,0.6338444563913268
2035,T_HDV_AJP_JFL_EX,transportation,42.92507156559054
2035,T_HDV_AJP_JFL_N,transportation,48.61155902981083
2035,T_HDV_BIC_DSL_N,transportation,1.165151715817013
2035,T_HDV_BIC_FCEV_N,transportation,1.204713651749523
2035,T_HDV_BS_BEV_N,transportation,5.393308441847191
2035,T_HDV_BS_FCHEV_N,transportation,7.295767585233485
2035,T_HDV_BT_BEV_N,transportation,5.956483776166979
2035,T_HDV_BT_FCHEV_N,transportation,3.7388536860360384
2035,T_HDV_CHRG,transportation,13.152893171316233
2035,T_HDV_RF_DSL_EX,transportation,22.83446632763853
2035,T_HDV_RF_DSL_N,transportation,95.74822864461758
2035,T_HDV_RICP_DSL_EX,transportation,0.2481941107570519
2035,T_HDV_RICP_DSL_N,transportation,0.1709446888729895
2035,T_HDV_T_BEV_N,transportation,23.16201229530631
2035,T_HDV_T_DSL_EX,transportation,34.4320191248124
2035,T_HDV_T_DSL_HEV_N,transportation,32.88354004791115
2035,T_HDV_T_FCHEV_N,transportation,28.06144972435877
2035,T_HDV_WTF_HFO_EX,transportation,39.21309592757291
2035,T_HDV_WTF_HFO_N,transportation,29.802099526017052
2035,T_I_H2_SMR,transportation,40.980420332358555
2035,T_LDV_BEV_CHRG,transportation,64.60510377653033
2035,T_LDV_C_BEV150_N,transportation,9.837278520827692
2035,T_LDV_C_BEV200_N,transportation,19.674558205892865
2035,T_LDV_C_BEV300_N,transportation,29.51183772950292
2035,T_LDV_C_BEV400_N,transportation,39.34911181346978
2035,T_LDV_C_GSL_PHEV35_N,transportation,59.113968995597
2035,T_LDV_LTF_DSL_EX,transportation,0.10893507508958362
2035,T_LDV_LTF_GSL_EX,transportation,1.0611820470553837
2035,T_LDV_LTF_GSL_PHEV35_EX,transportation,0.00030447502987526764
2035,T_LDV_LTF_GSL_PHEV50_N,transportation,15.957086852690773
2035,T_LDV_LTP_BEV150_N,transportation,4.9046326927036965
2035,T_LDV_LTP_BEV200_N,transportation,9.809267077404025
2035,T_LDV_LTP_BEV300_EX,transportation,0.026679605481644622
2035,T_LDV_LTP_BEV300_N,transportation,14.713901553315106
2035,T_LDV_LTP_BEV400_N,transportation,19.618536245632544
2035,T_LDV_LTP_DSL_EX,transportation,0.35415630262380143
2035,T_LDV_LTP_GSL_EX,transportation,9.09242919860761
2035,T_LDV_LTP_GSL_HEV_EX,transportation,0.10346759408871074
2035,T_LDV_LTP_GSL_PHEV35_EX,transportation,0.02698795781602273
2035,T_LDV_LTP_GSL_PHEV35_N,transportation,100.86917987982505
2035,T_LDV_M_BEV_N,transportation,1.4286112392776433
2035,T_LDV_M_GSL_EX,transportation,0.1456168902827633
2035,T_LDV_PHEV_CHRG,transportation,45.41079289178304
2035,T_MDV_CHRG,transportation,8.898327915288531
2035,T_MDV_T_BEV_N,transportation,6.740667335180181
2035,T_MDV_T_DSL_EX,transportation,1.73108835035125
2035,T_MDV_T_FCHEV_N,transportation,4.624363997588366
2035,T_MDV_T_GSL_EX,transportation,1.0610635287856516
2035,T_OFF,transportation,60.430672112
2040,A_AGRI,agriculture,86.45734930023775
2040,E_A_ELC,agriculture,12.882147263399897
2040,E_BAT_2H-NEW,electricity,1.34223056631496
2040,E_BAT_4H-NEW,electricity,2.8640395482965606
2040,E_ELC_DX_to_DEM,electricity,452.11613998061495
2040,E_ELC_TX_to_DX,electricity,370.29909480891155
2040,E_HYD_DLY-EXS,electricity,54.09405230128625
2040,E_HYD_ROR-EXS,electricity,73.78294155290575
2040,E_INT_IN-QC,electricity,1.2836783481455263
2040,E_INT_IN-USA,electricity,0.113074130460846
2040,E_INT_OUT-QC,electricity,24.356897999999997
2040,E_I_ELC,industrial,141.9695390756869
2040,E_NG_CC-EXS,electricity,19.681648041727275
2040,E_NG_CC-NEW,electricity,0.1059894124157571
2040,E_NG_CC_RFIT_BYPASS,electricity,19.78586928184677
2040,E_NG_CG-EXS,electricity,8.03338973934601
2040,E_NUC_CANDU-EXS,electricity,106.88392637936165
2040,E_PUMP_4H-EXS,electricity,1.0613310302176573
2040,E_R_ELC,residential,81.48188372472407
2040,E_SOL_PV-EXS,electricity,2.4104510356378017
2040,E_SOL_PV-NEW-1,electricity,52.14721497670829
2040,E_SOL_PV-NEW-2,electricity,10.549536566760175
2040,E_SOL_PV-NEW-3,electricity,0.0159739368186529
2040,E_SOL_PV-NEW-4,electricity,0.10839273841296874
2040,E_SOL_PV-NEW-5,electricity,23.823802656667407
2040,E_T_ELC,transportation,215.78256991680408
2040,E_WND_ON-EXS,electricity,23.824012786538432
2040,E_WND_ON-NEW-1,electricity,4.662076942954518
2040,E_WND_ON-NEW-10,electricity,0.07657918194836857
2040,E_WND_ON-NEW-11,electricity,5.613566624255077
2040,E_WND_ON-NEW-12,electricity,31.432416764286085
2040,E_WND_ON-NEW-13,electricity,23.51494112841861
2040,E_WND_ON-NEW-2,electricity,7.826089635668813
2040,E_WND_ON-NEW-3,electricity,6.180315686352211
2040,E_WND_ON-NEW-4,electricity,4.615116245869598
2040,E_WND_ON-NEW-5,electricity,6.257138646442815
2040,E_WND_ON-NEW-6,electricity,6.018275107779507
2040,E_WND_ON-NEW-7,electricity,14.509809796783706
2040,E_WND_ON-NEW-8,electricity,8.243737709431846
2040,E_WND_ON-NEW-9,electricity,15.957177745414654
2040,F_A_DSL,agriculture,27.406982342602735
2040,F_A_GSL,agriculture,9.769681866432457
2040,F_A_NG,agriculture,36.398537827802656
2040,F_E_BIO_M,electricity,0.0006766461407357652
2040,F_E_NG,electricity,52.80630944790994
2040,F_E_U_NAT,electricity,327.06239227083495
2040,F_IMP_BIO_M,fuel,0.0006766461407357652
2040,F_IMP_COAL,fuel,12.947356178242883
2040,F_IMP_COKE,fuel,88.21717737041637
2040,F_IMP_DSL,fuel,196.4376887020087
2040,F_IMP_ETH,fuel,4.5134476484997474
2040,F_IMP_GSL,fuel,35.34579830041243
2040,F_IMP_HFO,fuel,14.170576773181297
2040,F_IMP_JTF,fuel,128.13640898968933
2040,F_IMP_LPG,fuel,0.35116472328812703
2040,F_IMP_NG,fuel,930.2643879550847
2040,F_IMP_NGL,fuel,9.588894311677441
2040,F_IMP_OIL,fuel,1.252069356005202
2040,F_IMP_OTH,fuel,8.082960889266523
2040,F_IMP_PCOKE,fuel,13.42359161101329
2040,F_IMP_RDSL,fuel,5.082493840047999
2040,F_IMP_U_NAT,fuel,327.06239227083495
2040,F_IMP_WOOD,fuel,36.029451722226675
2040,F_I_COAL,industrial,12.947356178242883
2040,F_I_COKE,industrial,88.21717737041637
2040,F_I_DSL,industrial,47.05088852750863
2040,F_I_HFO,industrial,3.1747713314070767
2040,F_I_NG,industrial,263.92936026602086
2040,F_I_NGL,industrial,9.588894311677441
2040,F_I_OTH,industrial,8.082960889266523
2040,F_I_PCOKE,industrial,13.423593630935844
2040,F_I_WOOD,industrial,36.02894445334011
2040,F_R_LPG,residential,0.35116472328812703
2040,F_R_NG,residential,526.4071912733183
2040,F_R_OIL,residential,1.2520788012947435
2040,F_T_DSL,transportation,121.97985216115195
2040,F_T_ETH,transportation,4.5134476484997474
2040,F_T_GSL,transportation,25.57620334149857
2040,F_T_HFO,transportation,10.995811602291646
2040,F_T_JTF,transportation,128.13642924039308
2040,F_T_NG,transportation,50.72298914003278
2040,F_T_RDSL,transportation,5.082493840047999
2040,I_CEMENT,industrial,26.28999743262243
2040,I_CHEM,industrial,69.5178192473803
2040,I_CON,industrial,32.94043152202529
2040,I_FOR,industrial,4.260434360196768
2040,I_MINING,industrial,45.098256428386804
2040,I_OTH_MAN,industrial,182.05563417780684
2040,I_PULP,industrial,71.80390598884894
2040,I_SMELT,industrial,15.690868061986986
2040,I_STEEL,industrial,176.7560694825996
2040,R_APP_CL_WASH-TYP-NEW,residential,0.28078758204402277
2040,R_APP_COOK_NG-TYP-NEW,residential,0.3414106253487716
2040,R_APP_DRY_NG-TYP-NEW,residential,0.26219709151403936
2040,R_APP_DS_WASH-TYP-NEW,residential,0.2423042050326187
2040,R_APP_FREZ-EXS,residential,0.00517894050500535
2040,R_APP_FREZ-TYP-NEW,residential,0.19218349094631496
2040,R_APP_OTH,residential,6.659795614032398
2040,R_APP_REFR-TYP-NEW,residential,0.4722279857631722
2040,R_LGT_LED-EXS,residential,10.819322265135314
2040,R_LGT_LED-TYP-NEW,residential,40.25840054721646
2040,R_LGT_T12-EXS,residential,1.0914836494779097
2040,R_SPC_CENT_AC-EXS,residential,2.453710954732389
2040,R_SPC_ROOM_AC-TYP-NEW,residential,69.51746190378914
2040,R_SPHC_AIR_HP-TYP-NEW,residential,0.07295768045929817
2040,R_SPHC_NG_HP-TYP-NEW,residential,7.190069134643436e-05
2040,R_SPH_ELEC-EXS,residential,6.562408415398209
2040,R_SPH_NG-ELC-EXS,residential,0.07454201359619758
2040,R_SPH_NG-EXS,residential,7.730590175013452
2040,R_SPH_NG_FRN-TYP-NEW,residential,364.47795331179026
2040,R_SPH_OIL-ELC-EXS,residential,0.09883234552812133
2040,R_SPH_OIL-EXS,residential,0.39080916423086026
2040,R_SPH_OTH-EXS,residential,0.17558236164406352
2040,R_SPH_WOOD-OIL-EXS,residential,0.5858053953749431
2040,R_WAH_ELEC-TYP-NEW,residential,6.8229298042174635
2040,R_WAH_HP-TYP-NEW,residential,0.0002752476495965388
2040,R_WAH_NG-TYP-NEW,residential,60.37342278173472
2040,T_BLND_ETH_GSL,transportation,30.089650989998315
2040,T_BLND_GSL_ELC_PHEV35,transportation,33.64984669751709
2040,T_BLND_GSL_ELC_PHEV50,transportation,17.56590187333255
2040,T_BLND_JTF,transportation,128.13642665923246
2040,T_BLND_RDSL_DSL,transportation,127.06234600119996
2040,T_ELC_AC_DC,transportation,0.001889696328714067
2040,T_H2_COMP_100_700,transportation,40.986259309572645
2040,T_H2_COMP_10_100,transportation,40.98625930888345
2040,T_H2_HDV_REFUEL,transportation,33.021788626273754
2040,T_H2_MDV_REFUEL,transportation,7.759442289843382
2040,T_H2_distribution,transportation,40.986259307796836
2040,T_HDV_AJF_JFL_EX,transportation,0.38095213835359515
2040,T_HDV_AJF_JFL_N,transportation,0.9510853094001834
2040,T_HDV_AJP_JFL_EX,transportation,23.133492757595192
2040,T_HDV_AJP_JFL_N,transportation,74.99770928664186
2040,T_HDV_BIC_DSL_N,transportation,0.11048376727054746
2040,T_HDV_BIC_FCEV_N,transportation,2.4301303974794966
2040,T_HDV_BS_BEV_N,transportation,11.7017542709306
2040,T_HDV_BS_FCHEV_N,transportation,1.9014890083276033
2040,T_HDV_BT_BEV_N,transportation,7.395208762359872
2040,T_HDV_BT_FCHEV_N,transportation,2.998596495073516
2040,T_HDV_CHRG,transportation,26.333430810305426
2040,T_HDV_RF_DSL_EX,transportation,22.834526460443783
2040,T_HDV_RF_DSL_N,transportation,104.29133332762666
2040,T_HDV_RICP_DSL_EX,transportation,0.19448885016088102
2040,T_HDV_RICP_DSL_N,transportation,0.2548438556813931
2040,T_HDV_T_BEV_N,transportation,53.70928362957244
2040,T_HDV_T_DSL_HEV_N,transportation,37.235680870375326
2040,T_HDV_T_FCHEV_N,transportation,36.13383417618383
2040,T_HDV_WTF_HFO_EX,transportation,30.559718589459546
2040,T_HDV_WTF_HFO_N,transportation,43.42735528001394
2040,T_I_H2_SMR,transportation,40.98045057545847
2040,T_LDV_BEV_CHRG,transportation,127.30412532456859
2040,T_LDV_C_BEV150_N,transportation,16.632623028416415
2040,T_LDV_C_BEV200_N,transportation,33.2652473931497
2040,T_LDV_C_BEV300_N,transportation,49.89787194337619
2040,T_LDV_C_BEV400_N,transportation,66.53048308566812
2040,T_LDV_C_GSL_PHEV35_N,transportation,2.5063700922793424
2040,T_LDV_LTF_BEV150_N,transportation,0.6759317581414821
2040,T_LDV_LTF_BEV200_N,transportation,1.3518646808705401
2040,T_LDV_LTF_BEV300_N,transportation,2.0277975235220644
2040,T_LDV_LTF_BEV400_N,transportation,2.7037304932343833
2040,T_LDV_LTF_GSL_PHEV50_N,transportation,11.604258833348885
2040,T_LDV_LTP_BEV150_N,transportation,11.261691811214524
2040,T_LDV_LTP_BEV200_N,transportation,22.523386995860346
2040,T_LDV_LTP_BEV300_N,transportation,33.785077722765976
2040,T_LDV_LTP_BEV400_N,transportation,45.046777051315374
2040,T_LDV_LTP_GSL_PHEV35_N,transportation,58.394602544699715
2040,T_LDV_M_BEV_N,transportation,1.6875887712734199
2040,T_LDV_PHEV_CHRG,transportation,21.126055158910553
2040,T_MDV_CHRG,transportation,15.34444798741912
2040,T_MDV_T_BEV_N,transportation,12.043591328234672
2040,T_MDV_T_FCHEV_N,transportation,3.1335207368052638
2040,T_OFF,transportation,64.784277971
2045,A_AGRI,agriculture,90.12816489662013
2045,E_A_ELC,agriculture,13.429099660901544
2045,E_BAT_2H-NEW,electricity,1.5385676209932617
2045,E_BAT_4H-NEW,electricity,10.744072465535973
2045,E_BIO_G-EXS,electricity,9.343374072989784e-05
2045,E_ELC_DX_to_DEM,electricity,483.06522316097033
2045,E_ELC_TX_to_DX,electricity,401.24810166100565
2045,E_HYD_DLY-EXS,electricity,47.57557665831258
2045,E_HYD_ROR-EXS,electricity,73.78285199379052
2045,E_INT_IN-QC,electricity,1.2394774346005053
2045,E_INT_IN-USA,electricity,0.11015697884941933
2045,E_INT_OUT-QC,electricity,24.356897999999997
2045,E_I_ELC,industrial,142.4241889370919
2045,E_NG_CC-EXS,electricity,24.368479633086693
2045,E_NG_CC-NEW,electricity,32.00998548029223
2045,E_NG_CCS-NEW,electricity,0.001052890378347033
2045,E_NG_CC_RFIT_BYPASS,electricity,56.37464354864918
2045,E_NG_CG-EXS,electricity,8.033533364037241
2045,E_NUC_CANDU-EXS,electricity,41.2892924816608
2045,E_PUMP_4H-EXS,electricity,0.9852355568751566
2045,E_R_ELC,residential,83.44123427482708
2045,E_SOL_PV-EXS,electricity,0.3859864022279479
2045,E_SOL_PV-NEW-1,electricity,74.82390014062007
2045,E_SOL_PV-NEW-2,electricity,9.950706151445418
2045,E_SOL_PV-NEW-3,electricity,0.026225216348010647
2045,E_SOL_PV-NEW-4,electricity,32.55134744182553
2045,E_SOL_PV-NEW-5,electricity,22.503394700971697
2045,E_T_ELC,transportation,243.7707002881498
2045,E_WND_ON-EXS,electricity,4.360027943102486
2045,E_WND_ON-NEW-1,electricity,4.359807816274489
2045,E_WND_ON-NEW-10,electricity,33.4553751140409
2045,E_WND_ON-NEW-11,electricity,5.322340840868523
2045,E_WND_ON-NEW-12,electricity,30.251739064659706
2045,E_WND_ON-NEW-13,electricity,22.66249192738096
2045,E_WND_ON-NEW-2,electricity,7.42850356752752
2045,E_WND_ON-NEW-3,electricity,5.95301456048575
2045,E_WND_ON-NEW-4,electricity,4.376433888749889
2045,E_WND_ON-NEW-5,electricity,5.943429083255555
2045,E_WND_ON-NEW-6,electricity,5.796022586013537
2045,E_WND_ON-NEW-7,electricity,13.8643650983869
2045,E_WND_ON-NEW-8,electricity,7.968787009501183
2045,E_WND_ON-NEW-9,electricity,26.409418315130996
2045,F_A_DSL,agriculture,28.57063192734165
2045,F_A_GSL,agriculture,10.184484832130519
2045,F_A_NG,agriculture,37.943948476246426
2045,F_E_BIO_M,electricity,0.0024399648842999637
2045,F_E_NG,electricity,118.12501396601614
2045,F_E_U_NAT,electricity,126.34435071231422
2045,F_IMP_BIO_M,fuel,0.0024399648842999637
2045,F_IMP_COAL,fuel,12.988819570805887
2045,F_IMP_COKE,fuel,88.49968971398603
2045,F_IMP_DSL,fuel,191.19165743549874
2045,F_IMP_ETH,fuel,1.8079837969639703
2045,F_IMP_GSL,fuel,20.42966098074027
2045,F_IMP_HFO,fuel,13.979139423512597
2045,F_IMP_JTF,fuel,133.8428368106905
2045,F_IMP_NG,fuel,995.3343622967333
2045,F_IMP_NGL,fuel,9.619602477625032
2045,F_IMP_OTH,fuel,8.10884018182467
2045,F_IMP_PCOKE,fuel,13.466580253070113
2045,F_IMP_RDSL,fuel,4.809145130180181
2045,F_IMP_U_NAT,fuel,126.34435071231422
2045,F_IMP_WOOD,fuel,36.144888975697846
2045,F_I_COAL,industrial,12.988819570805887
2045,F_I_COKE,industrial,88.49968971398603
2045,F_I_DSL,industrial,47.20156810707144
2045,F_I_HFO,industrial,3.1849387818925026
2045,F_I_NG,industrial,264.77457115837933
2045,F_I_NGL,industrial,9.619602477625032
2045,F_I_OTH,industrial,8.10884018182467
2045,F_I_PCOKE,industrial,13.466581189779307
2045,F_I_WOOD,industrial,36.144330501841075
2045,F_R_NG,residential,526.30391149481
2045,F_T_DSL,transportation,115.41948312432433
2045,F_T_ETH,transportation,1.8079837969639703
2045,F_T_GSL,transportation,10.245241516129163
2045,F_T_HFO,transportation,10.794204967563829
2045,F_T_JTF,transportation,133.84285183568676
2045,F_T_NG,transportation,48.186917201281375
2045,F_T_RDSL,transportation,4.809145130180181
2045,I_CEMENT,industrial,26.374190205141964
2045,I_CHEM,industrial,69.74044756263085
2045,I_CON,industrial,33.04592207221062
2045,I_FOR,industrial,4.274078248200357
2045,I_MINING,industrial,45.24268197524661
2045,I_OTH_MAN,industrial,182.63866080601323
2045,I_PULP,industrial,72.0338554214164
2045,I_SMELT,industrial,15.741117490984287
2045,I_STEEL,industrial,177.3221244578186
2045,R_APP_CL_WASH-TYP-NEW,residential,0.2930530537479632
2045,R_APP_COOK_NG-TYP-NEW,residential,0.3563985505219214
2045,R_APP_DRY_NG-TYP-NEW,residential,0.27393445243361536
2045,R_APP_DS_WASH-TYP-NEW,residential,0.25319270131442745
2045,R_APP_FREZ-TYP-NEW,residential,0.20659115958612603
2045,R_APP_OTH,residential,6.941552910353499
2045,R_APP_REFR-TYP-NEW,residential,0.4922066289869137
2045,R_LGT_LED-EXS,residential,8.655433876910719
2045,R_LGT_LED-TYP-NEW,residential,45.4357471601441
2045,R_LGT_T12-EXS,residential,0.2851571464984719
2045,R_SPC_ROOM_AC-TYP-NEW,residential,75.02514736603092
2045,R_SPHC_AIR_HP-TYP-NEW,residential,0.042797211090503995
2045,R_SPHC_GEO_HP-TYP-NEW,residential,7.192341431155851e-05
2045,R_SPHC_NG_HP-TYP-NEW,residential,9.78994965189722e-05
2045,R_SPH_NG_FRN-TYP-NEW,residential,396.2009323173139
2045,R_WAH_ELEC-TYP-NEW,residential,27.222496613525916
2045,R_WAH_HP-TYP-NEW,residential,0.00040184727952599045
2045,R_WAH_NG-TYP-NEW,residential,42.816402501058974
2045,T_BLND_ETH_GSL,transportation,12.053225313093133
2045,T_BLND_GSL_ELC_PHEV35,transportation,9.827456797929047
2045,T_BLND_GSL_ELC_PHEV50,transportation,11.633775351565243
2045,T_BLND_JTF,transportation,133.84284843286952
2045,T_BLND_RDSL_DSL,transportation,120.22862825450451
2045,T_ELC_AC_DC,transportation,5.554228924483276e-05
2045,T_H2_COMP_100_700,transportation,38.93724407559127
2045,T_H2_COMP_10_100,transportation,38.93724407493653
2045,T_H2_HDV_REFUEL,transportation,37.213483993852265
2045,T_H2_LDV_REFUEL,transportation,0.18981714527817145
2045,T_H2_MDV_REFUEL,transportation,1.3391724737619743
2045,T_H2_distribution,transportation,38.93724407390424
2045,T_HDV_AJF_JFL_N,transportation,1.420236523400167
2045,T_HDV_AJP_JFL_N,transportation,104.62884971408589
2045,T_HDV_BIC_DSL_N,transportation,0.03989487645763059
2045,T_HDV_BIC_FCEV_N,transportation,2.6689469378538324
2045,T_HDV_BS_BEV_N,transportation,14.282932557468186
2045,T_HDV_BS_FCHEV_N,transportation,0.22103651631437576
2045,T_HDV_BT_BEV_N,transportation,5.082052058407451
2045,T_HDV_BT_FCHEV_N,transportation,5.999954662564304
2045,T_HDV_CHRG,transportation,30.59210275561526
2045,T_HDV_RF_DSL_EX,transportation,22.834500079313255
2045,T_HDV_RF_DSL_N,transportation,112.70885761036287
2045,T_HDV_RICP_DSL_EX,transportation,0.12432618217314477
2045,T_HDV_RICP_DSL_N,transportation,0.35475554627171857
2045,T_HDV_T_BEV_N,transportation,69.1598199998873
2045,T_HDV_T_DSL_HEV_N,transportation,25.417303780483138
2045,T_HDV_T_FCHEV_N,transportation,40.91618227119454
2045,T_HDV_WTF_HFO_EX,transportation,8.161633964660721
2045,T_HDV_WTF_HFO_N,transportation,70.72381141148212
2045,T_I_H2_SMR,transportation,38.931464963444355
2045,T_LDV_BEV_CHRG,transportation,156.27087043591453
2045,T_LDV_C_BEV150_N,transportation,17.89419801706213
2045,T_LDV_C_BEV200_N,transportation,35.78839796148667
2045,T_LDV_C_BEV300_N,transportation,53.68259841185314
2045,T_LDV_C_BEV400_N,transportation,71.5767984450154
2045,T_LDV_C_GSL_PHEV35_N,transportation,1.0696669838665398
2045,T_LDV_LTF_BEV150_N,transportation,1.1528074205014105
2045,T_LDV_LTF_BEV200_N,transportation,2.3056165034528973
2045,T_LDV_LTF_BEV300_N,transportation,3.4584254001284003
2045,T_LDV_LTF_BEV400_N,transportation,4.611234326512477
2045,T_LDV_LTF_FCEV400_N,transportation,0.07240366936099317
2045,T_LDV_LTF_GSL_PHEV50_N,transportation,7.979107849907536
2045,T_LDV_LTP_BEV150_N,transportation,16.474222820584696
2045,T_LDV_LTP_BEV200_N,transportation,32.94845048761074
2045,T_LDV_LTP_BEV300_N,transportation,49.42267808781016
2045,T_LDV_LTP_BEV400_N,transportation,65.89690475941511
2045,T_LDV_LTP_GSL_PHEV35_N,transportation,17.593159259173227
2045,T_LDV_M_BEV_N,transportation,1.7993055298747187
2045,T_LDV_PHEV_CHRG,transportation,9.40797115635453
2045,T_MDV_CHRG,transportation,19.2310594958635
2045,T_MDV_T_BEV_N,transportation,15.620333527772098
2045,T_MDV_T_FCHEV_N,transportation,0.5617255646695732
2045,T_OFF,transportation,69.073896742
2050,A_AGRI,agriculture,95.64048782915103
2050,E_A_ELC,agriculture,14.250436921143766
2050,E_BAT_2H-NEW,electricity,1.6067539296053692
2050,E_BAT_4H-NEW,electricity,17.66652179682522
2050,E_ELC_DX_to_DEM,electricity,521.2312039187535
2050,E_ELC_TX_to_DX,electricity,439.59747223046503
2050,E_HYD_DLY-EXS,electricity,45.05102358476446
2050,E_HYD_ROR-EXS,electricity,73.78274716693993
2050,E_INT_IN-QC,electricity,1.201780310865587
2050,E_INT_IN-USA,electricity,0.10737419967383355
2050,E_INT_OUT-USA,electricity,24.356897999999997
2050,E_I_ELC,industrial,144.9794372598684
2050,E_NG_CC-EXS,electricity,21.619076877929565
2050,E_NG_CC-NEW,electricity,38.44006484248021
2050,E_NG_CCS-NEW,electricity,0.0018196745704524076
2050,E_NG_CC_RFIT_BYPASS,electricity,60.05409612152215
2050,E_NG_CG-EXS,electricity,7.850693732067912
2050,E_NUC_CANDU-EXS,electricity,40.60406189493775
2050,E_PUMP_4H-EXS,electricity,0.8287261763879167
2050,E_R_ELC,residential,99.37848256971971
2050,E_SOL_PV-NEW-1,electricity,72.82584219608557
2050,E_SOL_PV-NEW-2,electricity,9.664770696438653
2050,E_SOL_PV-NEW-3,electricity,0.03883219739525293
2050,E_SOL_PV-NEW-4,electricity,60.39764773848396
2050,E_SOL_PV-NEW-5,electricity,21.876610226784447
2050,E_T_ELC,transportation,262.6228471680216
2050,E_WND_ON-NEW-1,electricity,4.2715053720787335
2050,E_WND_ON-NEW-10,electricity,34.069572453000546
2050,E_WND_ON-NEW-11,electricity,5.21052734318735
2050,E_WND_ON-NEW-12,electricity,29.775575669614042
2050,E_WND_ON-NEW-13,electricity,22.329407708595095
2050,E_WND_ON-NEW-2,electricity,7.292017710323498
2050,E_WND_ON-NEW-3,electricity,5.855183001955068
2050,E_WND_ON-NEW-4,electricity,4.2857309867769295
2050,E_WND_ON-NEW-5,electricity,5.824150001104403
2050,E_WND_ON-NEW-6,electricity,5.697310188990198
2050,E_WND_ON-NEW-7,electricity,13.639548224704468
2050,E_WND_ON-NEW-8,electricity,7.8408500082032235
2050,E_WND_ON-NEW-9,electricity,49.935329484631026
2050,F_A_DSL,agriculture,30.31803948065355
2050,F_A_GSL,agriculture,10.807378120512979
2050,F_A_NG,agriculture,40.26463330684074
2050,F_E_BIO_M,electricity,0.0036643993806318733
2050,F_E_NG,electricity,124.20504345404684
2050,F_E_U_NAT,electricity,124.24793767785104
2050,F_IMP_BIO_M,fuel,0.0036643993806318733
2050,F_IMP_COAL,fuel,13.221853004812981
2050,F_IMP_COKE,fuel,90.08746996548396
2050,F_IMP_DSL,fuel,196.85561199953798
2050,F_IMP_ETH,fuel,1.1022955798746774
2050,F_IMP_GSL,fuel,17.05364057490335
2050,F_IMP_HFO,fuel,10.214752226057941
2050,F_IMP_JTF,fuel,143.31834851661284
2050,F_IMP_LNG,fuel,3.4799111528697257
2050,F_IMP_NG,fuel,971.4150523705791
2050,F_IMP_NGL,fuel,9.792190315631895
2050,F_IMP_OTH,fuel,8.254313725826718
2050,F_IMP_PCOKE,fuel,13.708185615653214
2050,F_IMP_RDSL,fuel,4.937049476762488
2050,F_IMP_U_NAT,fuel,124.24793767785104
2050,F_IMP_WOOD,fuel,36.793397013344425
2050,F_I_COAL,industrial,13.221853004812981
2050,F_I_COKE,industrial,90.08746996548396
2050,F_I_DSL,industrial,48.04841616867383
2050,F_I_HFO,industrial,3.2420843214606023
2050,F_I_NG,industrial,269.5249150105579
2050,F_I_NGL,industrial,9.792190315631895
2050,F_I_OTH,industrial,8.254313725826718
2050,F_I_PCOKE,industrial,13.708186840405936
2050,F_I_WOOD,industrial,36.792803511405815
2050,F_R_NG,residential,503.5687262689471
2050,F_T_DSL,transportation,118.4891874422997
2050,F_T_ETH,transportation,1.1022955798746774
2050,F_T_GSL,transportation,6.246341619289838
2050,F_T_HFO,transportation,6.972673241736307
2050,F_T_JTF,transportation,143.31836678244017
2050,F_T_LNG,transportation,3.4799111528697257
2050,F_T_NG,transportation,33.85173433018658
2050,F_T_RDSL,transportation,4.937049476762488
2050,I_CEMENT,industrial,26.847371719331218
2050,I_CHEM,industrial,70.9916666639137
2050,I_CON,industrial,33.63880167888532
2050,I_FOR,industrial,4.350759837590504
2050,I_MINING,industrial,46.05438465206465
2050,I_OTH_MAN,industrial,185.91539602920466
2050,I_PULP,industrial,73.326220749898
2050,I_SMELT,industrial,16.023530160168217
2050,I_STEEL,industrial,180.50347527876664
2050,R_APP_CL_WASH-TYP-NEW,residential,0.3048759856167411
2050,R_APP_COOK_NG-TYP-NEW,residential,0.3712447161680844
2050,R_APP_DRY_NG-TYP-NEW,residential,0.28531210237042354
2050,R_APP_DS_WASH-TYP-NEW,residential,0.26378036190325094
2050,R_APP_FREZ-TYP-NEW,residential,0.21524422074728206
2050,R_APP_OTH,residential,7.232299535345145
2050,R_APP_REFR-TYP-NEW,residential,0.5128226810468228
2050,R_LGT_LED-EXS,residential,5.950558877862172
2050,R_LGT_LED-TYP-NEW,residential,50.70333062874908
2050,R_SPC_ROOM_AC-TYP-NEW,residential,78.16887349986213
2050,R_SPHC_AIR_HP-TYP-NEW,residential,0.03799716003921607
2050,R_SPHC_NG_HP-TYP-NEW,residential,5.0833403140929086e-05
2050,R_SPH_ELEC_RAD-NEW,residential,0.00011623069811126899
2050,R_SPH_NG_FRN-TYP-NEW,residential,412.79925093262796
2050,R_WAH_ELEC-TYP-NEW,residential,58.07613759788315
2050,R_WAH_HP-TYP-NEW,residential,0.00044994943869313656
2050,R_WAH_NG-TYP-NEW,residential,14.895721433060075
2050,T_BLND_ETH_GSL,transportation,7.348637199164515
2050,T_BLND_GSL_ELC_PHEV35,transportation,1.654079450821956
2050,T_BLND_GSL_ELC_PHEV50,transportation,12.553365055584301
2050,T_BLND_JTF,transportation,143.31836314154285
2050,T_BLND_RDSL_DSL,transportation,123.42623691906218
2050,T_ELC_AC_DC,transportation,0.0031348261599060197
2050,T_H2_COMP_100_700,transportation,27.35742369927344
2050,T_H2_COMP_10_100,transportation,27.35738445073671
2050,T_H2_HDV_REFUEL,transportation,25.68854303591952
2050,T_H2_LDV_REFUEL,transportation,0.19133864155918193
2050,T_H2_MDV_REFUEL,transportation,1.3391585078520185
2050,T_H2_distribution,transportation,27.357467215940666
2050,T_HDV_AJF_JFL_N,transportation,1.5207833494034313
2050,T_HDV_AJP_JFL_N,transportation,112.03613529810434
2050,T_HDV_BIC_DSL_N,transportation,0.004280110492573174
2050,T_HDV_BIC_FCEV_N,transportation,2.895387523357598
2050,T_HDV_BS_BEV_N,transportation,15.48281680644623
2050,T_HDV_BS_FCHEV_N,transportation,0.04799676095206531
2050,T_HDV_BT_BEV_N,transportation,6.812082625091199
2050,T_HDV_BT_FCHEV_N,transportation,5.054490020188355
2050,T_HDV_CHRG,transportation,39.00245029679416
2050,T_HDV_RF_DSL_N,transportation,145.13927097133032
2050,T_HDV_RICP_DSL_N,transportation,0.5129963465664421
2050,T_HDV_T_BEV_N,transportation,92.49565255715952
2050,T_HDV_T_DSL_HEV_N,transportation,23.966913221587166
2050,T_HDV_T_FCHEV_N,transportation,28.623095251596464
2050,T_HDV_WTF_HFO_N,transportation,54.50935204380696
2050,T_HDV_WTF_LNG_N,transportation,29.959093826345157
2050,T_I_H2_ELC_ALK,transportation,1.038972067536125e-05
2050,T_I_H2_ELC_PEM,transportation,1.1199760278834628e-05
2050,T_I_H2_SMR,transportation,27.34966044355501
2050,T_LDV_BEV_CHRG,transportation,167.81702324841734
2050,T_LDV_C_BEV150_N,transportation,19.268963727432546
2050,T_LDV_C_BEV200_N,transportation,38.53792946461153
2050,T_LDV_C_BEV300_N,transportation,57.80689579299917
2050,T_LDV_C_BEV400_N,transportation,77.07586146299998
2050,T_LDV_C_GSL_PHEV35_N,transportation,0.06604885664227281
2050,T_LDV_LTF_BEV150_N,transportation,1.1964256972065295
2050,T_LDV_LTF_BEV200_N,transportation,2.3928533382890755
2050,T_LDV_LTF_BEV300_N,transportation,3.589280678309168
2050,T_LDV_LTF_BEV400_N,transportation,4.785707680995467
2050,T_LDV_LTF_FCEV400_N,transportation,0.07514788307007984
2050,T_LDV_LTF_GSL_PHEV50_N,transportation,8.926684975919857
2050,T_LDV_LTP_BEV150_N,transportation,19.203697155455362
2050,T_LDV_LTP_BEV200_N,transportation,38.407401638390645
2050,T_LDV_LTP_BEV300_N,transportation,57.61110417372545
2050,T_LDV_LTP_BEV400_N,transportation,76.81480465288885
2050,T_LDV_LTP_GSL_PHEV35_N,transportation,3.207119343633948
2050,T_LDV_M_BEV_N,transportation,1.926666601796009
2050,T_LDV_PHEV_CHRG,transportation,6.858866779012104
2050,T_MDV_CHRG,transportation,19.943902670881737
2050,T_MDV_T_BEV_N,transportation,16.745049910872908
2050,T_MDV_T_FCHEV_N,transportation,0.5826318522169416
2050,T_OFF,transportation,73.964040159
