tech_or_group,seed,seed_units,rate,notes,operator,region
LDV_C_BEV,178.7392836,k units,0.403956346,Rate and seed are calculated by fitting linear regression on historical deployment of China EV with data from IEA Global EV Outlook 2025 (BEV+PHEV car sales),le,ON
LDV_C_GSL_PHEV,178.7392836,k units,0.403956346,Rate and seed are calculated by fitting linear regression on historical deployment of China EV with data from IEA Global EV Outlook 2025 (BEV+PHEV car sales),le,ON
LDV_C_GSL_HEV,178.7392836,k units,0.403956346,Rate and seed are calculated by fitting linear regression on historical deployment of China EV with data from IEA Global EV Outlook 2025 (BEV+PHEV car sales),le,ON
LDV_C_FCEV,178.7392836,k units,0.403956346,Rate and seed are calculated by fitting linear regression on historical deployment of China EV with data from IEA Global EV Outlook 2025 (BEV+PHEV car sales),le,ON
LDV_C_CNG,178.7392836,k units,0.403956346,Rate and seed are calculated by fitting linear regression on historical deployment of China EV with data from IEA Global EV Outlook 2025 (BEV+PHEV car sales),le,ON
LDV_LTP_BEV,178.7392836,k units,0.403956346,Rate and seed are calculated by fitting linear regression on historical deployment of China EV with data from IEA Global EV Outlook 2025 (BEV+PHEV car sales),le,ON
LDV_LTP_GSL_PHEV,178.7392836,k units,0.403956346,Rate and seed are calculated by fitting linear regression on historical deployment of China EV with data from IEA Global EV Outlook 2025 (BEV+PHEV car sales),le,ON
LDV_LTP_GSL_HEV,178.7392836,k units,0.403956346,Rate and seed are calculated by fitting linear regression on historical deployment of China EV with data from IEA Global EV Outlook 2025 (BEV+PHEV car sales),le,ON
LDV_LTP_FCEV,178.7392836,k units,0.403956346,Rate and seed are calculated by fitting linear regression on historical deployment of China EV with data from IEA Global EV Outlook 2025 (BEV+PHEV car sales),le,ON
LDV_LTP_CNG,178.7392836,k units,0.403956346,Rate and seed are calculated by fitting linear regression on historical deployment of China EV with data from IEA Global EV Outlook 2025 (BEV+PHEV car sales),le,ON
LDV_LTF_BEV,178.7392836,k units,0.403956346,Rate and seed are calculated by fitting linear regression on historical deployment of China EV with data from IEA Global EV Outlook 2025 (BEV+PHEV car sales),le,ON
LDV_LTF_GSL_PHEV,178.7392836,k units,0.403956346,Rate and seed are calculated by fitting linear regression on historical deployment of China EV with data from IEA Global EV Outlook 2025 (BEV+PHEV car sales),le,ON
LDV_LTF_GSL_HEV,178.7392836,k units,0.403956346,Rate and seed are calculated by fitting linear regression on historical deployment of China EV with data from IEA Global EV Outlook 2025 (BEV+PHEV car sales),le,ON
LDV_LTF_FCEV,178.7392836,k units,0.403956346,Rate and seed are calculated by fitting linear regression on historical deployment of China EV with data from IEA Global EV Outlook 2025 (BEV+PHEV car sales),le,ON
LDV_LTF_CNG,178.7392836,k units,0.403956346,Rate and seed are calculated by fitting linear regression on historical deployment of China EV with data from IEA Global EV Outlook 2025 (BEV+PHEV car sales),le,ON
MDV_T_BEV,178.7392836,k units,0.403956346,Rate and seed are calculated by fitting linear regression on historical deployment of China EV with data from IEA Global EV Outlook 2025 (BEV+PHEV car sales),le,ON
MDV_T_DSL_PHEV,178.7392836,k units,0.403956346,Rate and seed are calculated by fitting linear regression on historical deployment of China EV with data from IEA Global EV Outlook 2025 (BEV+PHEV car sales),le,ON
MDV_T_DSL_HEV,178.7392836,k units,0.403956346,Rate and seed are calculated by fitting linear regression on historical deployment of China EV with data from IEA Global EV Outlook 2025 (BEV+PHEV car sales),le,ON
MDV_T_FCEV,178.7392836,k units,0.403956346,Rate and seed are calculated by fitting linear regression on historical deployment of China EV with data from IEA Global EV Outlook 2025 (BEV+PHEV car sales),le,ON
MDV_T_FCHEV,178.7392836,k units,0.403956346,Rate and seed are calculated by fitting linear regression on historical deployment of China EV with data from IEA Global EV Outlook 2025 (BEV+PHEV car sales),le,ON
HDV_T_BEV,178.7392836,k units,0.403956346,Rate and seed are calculated by fitting linear regression on historical deployment of China EV with data from IEA Global EV Outlook 2025 (BEV+PHEV car sales),le,ON
HDV_T_DSL_PHEV,178.7392836,k units,0.403956346,Rate and seed are calculated by fitting linear regression on historical deployment of China EV with data from IEA Global EV Outlook 2025 (BEV+PHEV car sales),le,ON
HDV_T_DSL_HEV,178.7392836,k units,0.403956346,Rate and seed are calculated by fitting linear regression on historical deployment of China EV with data from IEA Global EV Outlook 2025 (BEV+PHEV car sales),le,ON
HDV_T_FCEV,178.7392836,k units,0.403956346,Rate and seed are calculated by fitting linear regression on historical deployment of China EV with data from IEA Global EV Outlook 2025 (BEV+PHEV car sales),le,ON
HDV_T_FCHEV,178.7392836,k units,0.403956346,Rate and seed are calculated by fitting linear regression on historical deployment of China EV with data from IEA Global EV Outlook 2025 (BEV+PHEV car sales),le,ON