tech,period,capacity
E_BAT_1H-EXS,2025,0.0
E_BAT_2H-NEW,2025,-0.0030601848273977056
E_BAT_2H-NEW,2030,-0.12977130844873705
E_BAT_2H-NEW,2035,-0.15029715186650328
E_BAT_2H-NEW,2040,-0.694871125699659
E_BAT_2H-NEW,2045,-1.1605009538883932
E_BAT_2H-NEW,2050,-1.1584787168283033
E_BAT_3H-EXS,2025,0.0
E_BAT_4H-EXS,2025,0.0
E_BAT_4H-EXS,2030,0.0
E_BAT_4H-NEW,2025,-0.0009240686727224786
E_BAT_4H-NEW,2030,-0.003193674571678754
E_BAT_4H-NEW,2035,-0.0063521232385370125
E_BAT_4H-NEW,2040,-0.011812181795376514
E_BAT_4H-NEW,2045,0.6382111709439257
E_BAT_4H-NEW,2050,1.9818766432140988
E_BAT_5H-EXS,2025,0.0
E_BAT_5H-EXS,2030,0.0
E_BIO_G-EXS,2025,0.0
E_BIO_G-EXS,2030,0.0
E_BIO_G-EXS,2035,0.0
E_BIO_G-EXS,2040,0.0
E_BIO_G-EXS,2045,0.0
E_BIO_M-EXS,2025,0.0
E_BIO_M-EXS,2030,0.0
E_BIO_M-EXS,2035,0.0
E_BIO_M-EXS,2040,0.0
E_BIO_M-EXS,2045,0.0
E_BIO_M-EXS,2050,0.0
E_BIO_M-NEW,2025,-0.00015098334105575155
E_BIO_M-NEW,2030,-0.00032136164715357307
E_BIO_M-NEW,2035,-0.0005010805046750935
E_BIO_M-NEW,2040,-0.000701802263778436
E_BIO_M-NEW,2045,-0.0009240116497903227
E_BIO_M-NEW,2050,-0.0011670425908452855
E_HYD_DLY-EXS,2025,0.0
E_HYD_DLY-EXS,2030,0.0
E_HYD_DLY-EXS,2035,0.0
E_HYD_DLY-EXS,2040,0.0
E_HYD_DLY-EXS,2045,0.0
E_HYD_DLY-EXS,2050,0.0
E_HYD_ROR-EXS,2025,0.0
E_HYD_ROR-EXS,2030,0.0
E_HYD_ROR-EXS,2035,0.0
E_HYD_ROR-EXS,2040,0.0
E_HYD_ROR-EXS,2045,0.0
E_HYD_ROR-EXS,2050,0.0
E_INT_IN-QC,2025,0.0
E_INT_IN-QC,2030,0.0
E_INT_IN-QC,2035,0.0
E_INT_IN-QC,2040,0.0
E_INT_IN-QC,2045,0.0
E_INT_IN-QC,2050,0.0
E_INT_IN-USA,2025,0.0
E_INT_IN-USA,2030,0.0
E_INT_IN-USA,2035,0.0
E_INT_IN-USA,2040,0.0
E_INT_IN-USA,2045,0.0
E_INT_IN-USA,2050,0.0
E_NG_CC-EXS,2025,0.0
E_NG_CC-EXS,2030,0.0
E_NG_CC-EXS,2035,0.0
E_NG_CC-EXS,2040,0.0
E_NG_CC-EXS,2045,0.0
E_NG_CC-EXS,2050,0.0
E_NG_CC-NEW,2025,-0.0027595220286752184
E_NG_CC-NEW,2030,-0.008659236654076575
E_NG_CC-NEW,2035,-0.01272199302997101
E_NG_CC-NEW,2040,-0.02398223150970583
E_NG_CC-NEW,2045,-1.1023222536878787
E_NG_CC-NEW,2050,-0.93629957286068
E_NG_CCS-NEW,2025,-0.00047223428281628816
E_NG_CCS-NEW,2030,-0.001099142529728965
E_NG_CCS-NEW,2035,-0.001807425976041683
E_NG_CCS-NEW,2040,-0.002695466940068691
E_NG_CCS-NEW,2045,-0.0038020026010304304
E_NG_CCS-NEW,2050,-0.005095854042700423
E_NG_CCS_RFIT_90,2025,-0.0001532369129379278
E_NG_CCS_RFIT_90,2030,-0.00033125361981587364
E_NG_CCS_RFIT_90,2035,-0.0005385758983968007
E_NG_CCS_RFIT_90,2040,-0.0007738892162897494
E_NG_CCS_RFIT_90,2045,-0.0010400833971448734
E_NG_CCS_RFIT_90,2050,-0.001340933166176441
E_NG_CCS_RFIT_95,2025,-0.00014867388976665873
E_NG_CCS_RFIT_95,2030,-0.0003215547618056777
E_NG_CCS_RFIT_95,2035,-0.0005231697202716293
E_NG_CCS_RFIT_95,2040,-0.0007520441407056405
E_NG_CCS_RFIT_95,2045,-0.0010107779441898075
E_NG_CCS_RFIT_95,2050,-0.0013033819215540674
E_NG_CG-EXS,2025,0.0
E_NG_CG-EXS,2030,0.0
E_NG_CG-EXS,2035,0.0
E_NG_CG-EXS,2040,0.0
E_NG_CG-EXS,2045,0.0
E_NG_CG-EXS,2050,0.0
E_NG_CT-EXS,2025,0.0
E_NG_CT-EXS,2030,0.0
E_NG_CT-EXS,2035,0.0
E_NG_CT-EXS,2040,0.0
E_NG_CT-EXS,2045,0.0
E_NG_CT-EXS,2050,0.0
E_NG_CT-NEW,2025,-0.0023130715882214476
E_NG_CT-NEW,2030,-0.1441568043304139
E_NG_CT-NEW,2035,-0.14574545847336007
E_NG_CT-NEW,2040,-0.15212265737810296
E_NG_CT-NEW,2045,-0.8846563544084884
E_NG_CT-NEW,2050,-0.7342824094705076
E_NUC_CANDU-EXS,2025,0.0
E_NUC_CANDU-EXS,2030,0.0
E_NUC_CANDU-EXS,2035,0.0
E_NUC_CANDU-EXS,2040,0.0
E_NUC_CANDU-EXS,2045,0.0
E_NUC_CANDU-EXS,2050,0.0
E_NUC_PWR-NEW,2045,-1.017709705104907e-05
E_NUC_PWR-NEW,2050,-2.1571263446389497e-05
E_NUC_SMR-NEW,2040,-1.0273836581949826e-05
E_NUC_SMR-NEW,2045,-2.5823902502075724e-05
E_NUC_SMR-NEW,2050,-4.340874890391462e-05
E_PUMP_4H-EXS,2025,0.0
E_PUMP_4H-EXS,2030,0.0
E_PUMP_4H-EXS,2035,0.0
E_PUMP_4H-EXS,2040,0.0
E_PUMP_4H-EXS,2045,0.0
E_PUMP_4H-EXS,2050,0.0
E_SOL_PV-EXS,2025,0.0
E_SOL_PV-EXS,2030,0.0
E_SOL_PV-EXS,2035,0.0
E_SOL_PV-EXS,2040,0.0
E_SOL_PV-EXS,2045,0.0
E_SOL_PV-NEW-1,2025,-0.0005379517036353814
E_SOL_PV-NEW-1,2030,-0.005933034752722023
E_SOL_PV-NEW-1,2035,-2.76843493483183
E_SOL_PV-NEW-1,2040,-0.22081301377238605
E_SOL_PV-NEW-1,2045,-0.8825175350658139
E_SOL_PV-NEW-1,2050,8.671786863700959e-06
E_SOL_PV-NEW-2,2025,-0.0006100371499884391
E_SOL_PV-NEW-2,2030,-0.32101801716385014
E_SOL_PV-NEW-2,2035,0.03780174016427407
E_SOL_PV-NEW-2,2040,0.015480458305329625
E_SOL_PV-NEW-2,2045,0.002422581083971087
E_SOL_PV-NEW-2,2050,4.052502666773705e-06
E_SOL_PV-NEW-3,2025,-0.00043655231770194656
E_SOL_PV-NEW-3,2030,-0.002006137623729676
E_SOL_PV-NEW-3,2035,-0.004453702012309127
E_SOL_PV-NEW-3,2040,-0.007853260070904025
E_SOL_PV-NEW-3,2045,-0.015034273887008287
E_SOL_PV-NEW-3,2050,-0.023072701939494393
E_SOL_PV-NEW-4,2025,-0.0004797946472164397
E_SOL_PV-NEW-4,2030,-0.0028366061056737035
E_SOL_PV-NEW-4,2035,-0.00697425696564382
E_SOL_PV-NEW-4,2040,-0.012074272514378846
E_SOL_PV-NEW-4,2045,-0.31448807852559435
E_SOL_PV-NEW-4,2050,1.1025266492831074
E_SOL_PV-NEW-5,2025,-0.0006081392150117385
E_SOL_PV-NEW-5,2030,-0.03033904261526235
E_SOL_PV-NEW-5,2035,-0.5798227758883605
E_SOL_PV-NEW-5,2040,0.3338383997968948
E_SOL_PV-NEW-5,2045,0.00447421210204535
E_SOL_PV-NEW-5,2050,5.815825937727226e-06
E_WND_ON-EXS,2025,0.0
E_WND_ON-EXS,2030,0.0
E_WND_ON-EXS,2035,0.0
E_WND_ON-EXS,2040,0.0
E_WND_ON-EXS,2045,0.0
E_WND_ON-NEW-1,2025,-0.002489684056649157
E_WND_ON-NEW-1,2030,-0.3750024976330412
E_WND_ON-NEW-1,2035,-0.1410466962129001
E_WND_ON-NEW-1,2040,0.0009144990882175574
E_WND_ON-NEW-1,2045,9.961061877494792e-05
E_WND_ON-NEW-1,2050,2.0747243630880874e-06
E_WND_ON-NEW-10,2025,-0.0013012712724716933
E_WND_ON-NEW-10,2030,-0.006202927840995943
E_WND_ON-NEW-10,2035,-0.01674893558404575
E_WND_ON-NEW-10,2040,-0.03313618162249215
E_WND_ON-NEW-10,2045,1.5786332770133749
E_WND_ON-NEW-10,2050,0.025162973324405202
E_WND_ON-NEW-11,2025,-0.0038096023054884523
E_WND_ON-NEW-11,2030,-0.014387508448906126
E_WND_ON-NEW-11,2035,-0.1928581298498487
E_WND_ON-NEW-11,2040,0.3084972785386262
E_WND_ON-NEW-11,2045,0.00984811308267941
E_WND_ON-NEW-11,2050,9.451692594142358e-06
E_WND_ON-NEW-12,2025,-0.0026997743722943224
E_WND_ON-NEW-12,2030,-2.423178103257311
E_WND_ON-NEW-12,2035,0.0013108352765742737
E_WND_ON-NEW-12,2040,0.0006046785395312781
E_WND_ON-NEW-12,2045,5.218023901676361e-05
E_WND_ON-NEW-12,2050,5.325568825931271e-07
E_WND_ON-NEW-13,2025,-0.001638005044875021
E_WND_ON-NEW-13,2030,-1.9178234781953782
E_WND_ON-NEW-13,2035,-0.009214792236258873
E_WND_ON-NEW-13,2040,0.0018981966392286331
E_WND_ON-NEW-13,2045,0.00014864194312869117
E_WND_ON-NEW-13,2050,6.917126893934977e-06
E_WND_ON-NEW-2,2025,-0.0012731310926472241
E_WND_ON-NEW-2,2030,-0.026683405591309415
E_WND_ON-NEW-2,2035,-0.6331092907349217
E_WND_ON-NEW-2,2040,0.0025015889768569277
E_WND_ON-NEW-2,2045,0.00017781972419517178
E_WND_ON-NEW-2,2050,2.9612979046689247e-06
E_WND_ON-NEW-3,2025,-0.3752838410178797
E_WND_ON-NEW-3,2030,0.00020032782869289223
E_WND_ON-NEW-3,2035,8.677509072468892e-05
E_WND_ON-NEW-3,2040,1.48643185609032e-05
E_WND_ON-NEW-3,2045,1.3523489068634209e-05
E_WND_ON-NEW-3,2050,2.1410378398534213e-06
E_WND_ON-NEW-4,2025,-0.0066291073578027115
E_WND_ON-NEW-4,2030,-0.1296042922258375
E_WND_ON-NEW-4,2035,-0.002770325189078382
E_WND_ON-NEW-4,2040,0.0013596404439394916
E_WND_ON-NEW-4,2045,8.663159604632709e-05
E_WND_ON-NEW-4,2050,1.1003890215688372e-06
E_WND_ON-NEW-5,2025,-0.0114928625339098
E_WND_ON-NEW-5,2030,-0.5178584397049497
E_WND_ON-NEW-5,2035,0.0006392327717211765
E_WND_ON-NEW-5,2040,0.00036255179232447254
E_WND_ON-NEW-5,2045,3.4731718888791896e-05
E_WND_ON-NEW-5,2050,8.890714021658752e-07
E_WND_ON-NEW-6,2025,-0.004830124779350449
E_WND_ON-NEW-6,2030,0.0016039007666671101
E_WND_ON-NEW-6,2035,0.00012992310967330223
E_WND_ON-NEW-6,2040,7.644184497185291e-05
E_WND_ON-NEW-6,2045,1.0966184904925846e-05
E_WND_ON-NEW-6,2050,7.34452278383646e-07
E_WND_ON-NEW-7,2025,-0.002331215187086808
E_WND_ON-NEW-7,2030,-0.6651019770290462
E_WND_ON-NEW-7,2035,0.0008384757417767563
E_WND_ON-NEW-7,2040,0.001999941830808538
E_WND_ON-NEW-7,2045,0.0001664197854631677
E_WND_ON-NEW-7,2050,1.5868179290556839e-06
E_WND_ON-NEW-8,2025,-0.16026419767932892
E_WND_ON-NEW-8,2030,0.000525709801289409
E_WND_ON-NEW-8,2035,5.566613695140443e-05
E_WND_ON-NEW-8,2040,2.2943774377059967e-05
E_WND_ON-NEW-8,2045,1.1390535320177086e-05
E_WND_ON-NEW-8,2050,1.4334997409104488e-06
E_WND_ON-NEW-9,2025,-0.0015605531421354507
E_WND_ON-NEW-9,2030,-0.013843069436539667
E_WND_ON-NEW-9,2035,-1.4095268501233185
E_WND_ON-NEW-9,2040,-1.2819883778014267
E_WND_ON-NEW-9,2045,-1.9534825691044124
E_WND_ON-NEW-9,2050,-0.09568501835172238
R_APP_CL_WASH-EXS,2025,0.0
R_APP_CL_WASH-EXS,2030,0.0
R_APP_CL_WASH-TYP-NEW,2025,-2.9976745108406533e-07
R_APP_CL_WASH-TYP-NEW,2030,-4.393374983813203e-07
R_APP_CL_WASH-TYP-NEW,2035,-1.355367027500165e-07
R_APP_CL_WASH-TYP-NEW,2040,-2.608976004125907e-07
R_APP_CL_WASH-TYP-NEW,2045,-3.247404780637453e-07
R_APP_CL_WASH-TYP-NEW,2050,-4.0953178004343727e-07
R_APP_COOK_ELEC-EXS,2025,0.0
R_APP_COOK_ELEC-EXS,2030,0.0
R_APP_COOK_ELEC-EXS,2035,0.0
R_APP_COOK_ELEC-TYP-NEW,2025,-0.00035770760664866606
R_APP_COOK_ELEC-TYP-NEW,2030,-0.0007649013902872011
R_APP_COOK_ELEC-TYP-NEW,2035,-0.0014108408945591442
R_APP_COOK_ELEC-TYP-NEW,2040,-0.0017053703408614967
R_APP_COOK_ELEC-TYP-NEW,2045,-0.0019607854898068666
R_APP_COOK_ELEC-TYP-NEW,2050,-0.0020710888247204903
R_APP_COOK_NG-EXS,2025,0.0
R_APP_COOK_NG-EXS,2030,0.0
R_APP_COOK_NG-TYP-NEW,2025,0.00035471321125291055
R_APP_COOK_NG-TYP-NEW,2030,0.0007583832560076331
R_APP_COOK_NG-TYP-NEW,2035,0.0014153425763252514
R_APP_COOK_NG-TYP-NEW,2040,0.001704697174528036
R_APP_COOK_NG-TYP-NEW,2045,0.0019588781855306436
R_APP_COOK_NG-TYP-NEW,2050,0.0020680811568327684
R_APP_DRY_ELEC-EXS,2025,0.0
R_APP_DRY_ELEC-EXS,2030,0.0
R_APP_DRY_ELEC-TYP-NEW,2025,-0.00023996265161871458
R_APP_DRY_ELEC-TYP-NEW,2030,-0.000515493215551163
R_APP_DRY_ELEC-TYP-NEW,2035,-0.0008228752091825468
R_APP_DRY_ELEC-TYP-NEW,2040,-0.001028661884753213
R_APP_DRY_ELEC-TYP-NEW,2045,-0.0011419594428292992
R_APP_DRY_ELEC-TYP-NEW,2050,-0.0012597389567741218
R_APP_DRY_NG-EXS,2025,0.0
R_APP_DRY_NG-EXS,2030,0.0
R_APP_DRY_NG-TYP-NEW,2025,0.00023778824506859308
R_APP_DRY_NG-TYP-NEW,2030,0.0005079484635484022
R_APP_DRY_NG-TYP-NEW,2035,0.0008329698123876739
R_APP_DRY_NG-TYP-NEW,2040,0.0010273499271997721
R_APP_DRY_NG-TYP-NEW,2045,0.0011396996063393061
R_APP_DRY_NG-TYP-NEW,2050,0.0012575451808007898
R_APP_DS_WASH-EXS,2025,0.0
R_APP_DS_WASH-EXS,2030,0.0
R_APP_DS_WASH-EXS,2035,0.0
R_APP_DS_WASH-TYP-NEW,2025,2.0288498481235706e-07
R_APP_DS_WASH-TYP-NEW,2030,-1.2422391657551657e-06
R_APP_DS_WASH-TYP-NEW,2035,-1.259890851201817e-06
R_APP_DS_WASH-TYP-NEW,2040,-8.217854992054185e-07
R_APP_DS_WASH-TYP-NEW,2045,-9.163045042726026e-07
R_APP_DS_WASH-TYP-NEW,2050,-1.036367638818092e-06
R_APP_FREZ-EXS,2025,0.0
R_APP_FREZ-EXS,2030,0.0
R_APP_FREZ-EXS,2035,0.0
R_APP_FREZ-EXS,2040,0.0
R_APP_FREZ-TYP-NEW,2025,-3.597915421149622e-07
R_APP_FREZ-TYP-NEW,2030,-1.3773550855411543e-06
R_APP_FREZ-TYP-NEW,2035,-1.6235452333646094e-06
R_APP_FREZ-TYP-NEW,2040,-1.71157203388006e-06
R_APP_FREZ-TYP-NEW,2045,-7.791041163329737e-07
R_APP_FREZ-TYP-NEW,2050,-9.155950486672282e-07
R_APP_REFR-EXS,2025,0.0
R_APP_REFR-EXS,2030,0.0
R_APP_REFR-TYP-NEW,2025,-2.708351574121082e-07
R_APP_REFR-TYP-NEW,2030,-7.166873334796264e-07
R_APP_REFR-TYP-NEW,2035,-3.9384134531417203e-07
R_APP_REFR-TYP-NEW,2040,-4.677034457500895e-07
R_APP_REFR-TYP-NEW,2045,-5.356558734348482e-07
R_APP_REFR-TYP-NEW,2050,-6.251240591836904e-07
R_LGT_CFL-EXS,2025,0.0
R_LGT_CFL-EXS,2030,0.0
R_LGT_CFL-EXS,2035,0.0
R_LGT_LED-EXS,2025,0.0
R_LGT_LED-EXS,2030,0.0
R_LGT_LED-EXS,2035,0.0
R_LGT_LED-EXS,2040,0.0
R_LGT_LED-EXS,2045,0.0
R_LGT_LED-EXS,2050,0.0
R_LGT_LED-TYP-NEW,2025,-0.010408356842674493
R_LGT_LED-TYP-NEW,2030,-0.00025799518601843374
R_LGT_LED-TYP-NEW,2035,0.0002544377996400726
R_LGT_LED-TYP-NEW,2040,-0.0006548729456881119
R_LGT_LED-TYP-NEW,2045,-0.0021663735838046705
R_LGT_LED-TYP-NEW,2050,0.001373146373794043
R_LGT_T12-EXS,2025,7.105427357601002e-15
R_LGT_T12-EXS,2030,0.0
R_LGT_T12-EXS,2035,0.0
R_LGT_T12-EXS,2040,0.0
R_LGT_T12-EXS,2045,0.0
R_SPC_CENT_AC-EXS,2025,-4.440892098500626e-16
R_SPC_CENT_AC-EXS,2030,-4.440892098500626e-16
R_SPC_CENT_AC-EXS,2035,0.0
R_SPC_CENT_AC-EXS,2040,0.0
R_SPC_CENT_AC-TYP-NEW,2025,-2.545660394263289e-05
R_SPC_CENT_AC-TYP-NEW,2030,-5.7172483887593976e-05
R_SPC_CENT_AC-TYP-NEW,2035,-9.427215862718205e-05
R_SPC_CENT_AC-TYP-NEW,2040,-0.00013396302273239023
R_SPC_CENT_AC-TYP-NEW,2045,-0.00015104352636905878
R_SPC_CENT_AC-TYP-NEW,2050,-0.0001651538363962888
R_SPC_ROOM_AC-EXS,2025,0.0
R_SPC_ROOM_AC-TYP-NEW,2025,-1.9884494747933166
R_SPC_ROOM_AC-TYP-NEW,2030,-4.10990449426143
R_SPC_ROOM_AC-TYP-NEW,2035,-2.884126227985935
R_SPC_ROOM_AC-TYP-NEW,2040,-0.7411461685819578
R_SPC_ROOM_AC-TYP-NEW,2045,1.0386504187464194
R_SPC_ROOM_AC-TYP-NEW,2050,0.3661590751612138
R_SPHC_AIR_HP-TYP-NEW,2025,0.7038419988368844
R_SPHC_AIR_HP-TYP-NEW,2030,1.4547653738372008
R_SPHC_AIR_HP-TYP-NEW,2035,1.0209772924367042
R_SPHC_AIR_HP-TYP-NEW,2040,0.2625405437863264
R_SPHC_AIR_HP-TYP-NEW,2045,-0.367370974021697
R_SPHC_AIR_HP-TYP-NEW,2050,-0.12932367097809325
R_SPHC_GEO_HP-TYP-NEW,2025,-1.3391986725463433e-05
R_SPHC_GEO_HP-TYP-NEW,2030,-2.9638578370334637e-05
R_SPHC_GEO_HP-TYP-NEW,2035,-5.106067126325864e-05
R_SPHC_GEO_HP-TYP-NEW,2040,-6.336215792782489e-05
R_SPHC_GEO_HP-TYP-NEW,2045,-7.600248735920161e-05
R_SPHC_GEO_HP-TYP-NEW,2050,-8.424277167052847e-05
R_SPHC_NG_HP-TYP-NEW,2025,-1.4806442413805123e-05
R_SPHC_NG_HP-TYP-NEW,2030,-3.333734179880793e-05
R_SPHC_NG_HP-TYP-NEW,2035,-5.6616093594580147e-05
R_SPHC_NG_HP-TYP-NEW,2040,-6.992443351052591e-05
R_SPHC_NG_HP-TYP-NEW,2045,-8.288581078356336e-05
R_SPHC_NG_HP-TYP-NEW,2050,-9.157333734987217e-05
R_SPH_ELEC-EXS,2025,0.0
R_SPH_ELEC-EXS,2030,0.0
R_SPH_ELEC-EXS,2035,0.0
R_SPH_ELEC-EXS,2040,0.0
R_SPH_ELEC_RAD-NEW,2025,-2.592069259765547e-05
R_SPH_ELEC_RAD-NEW,2030,-5.4656307753012825e-05
R_SPH_ELEC_RAD-NEW,2035,-8.25730790530458e-05
R_SPH_ELEC_RAD-NEW,2040,-0.000115647070928101
R_SPH_ELEC_RAD-NEW,2045,-0.00013608490745893348
R_SPH_ELEC_RAD-NEW,2050,-0.00014599432518965945
R_SPH_HP-EXS,2025,0.0
R_SPH_HP-EXS,2030,0.0
R_SPH_HP-EXS,2035,0.0
R_SPH_NG-ELC-EXS,2025,0.0
R_SPH_NG-ELC-EXS,2030,0.0
R_SPH_NG-ELC-EXS,2035,0.0
R_SPH_NG-ELC-EXS,2040,0.0
R_SPH_NG-EXS,2025,0.0
R_SPH_NG-EXS,2030,0.0
R_SPH_NG-EXS,2035,0.0
R_SPH_NG-EXS,2040,0.0
R_SPH_NG_FRN-TYP-NEW,2025,-0.5309658842109588
R_SPH_NG_FRN-TYP-NEW,2030,-1.093419404462876
R_SPH_NG_FRN-TYP-NEW,2035,-0.7675496485562512
R_SPH_NG_FRN-TYP-NEW,2040,-0.19688115330828992
R_SPH_NG_FRN-TYP-NEW,2045,0.27733467988222316
R_SPH_NG_FRN-TYP-NEW,2050,0.09776110357274614
R_SPH_OIL-ELC-EXS,2025,3.469446951953614e-18
R_SPH_OIL-ELC-EXS,2030,0.0
R_SPH_OIL-ELC-EXS,2035,0.0
R_SPH_OIL-ELC-EXS,2040,0.0
R_SPH_OIL-EXS,2025,0.0
R_SPH_OIL-EXS,2030,0.0
R_SPH_OIL-EXS,2035,0.0
R_SPH_OIL-EXS,2040,0.0
R_SPH_OTH-EXS,2025,0.0
R_SPH_OTH-EXS,2030,0.0
R_SPH_OTH-EXS,2035,0.0
R_SPH_OTH-EXS,2040,0.0
R_SPH_WOOD-ELC-EXS,2025,0.0
R_SPH_WOOD-ELC-EXS,2030,0.0
R_SPH_WOOD-ELC-EXS,2035,0.0
R_SPH_WOOD-EXS,2025,0.0
R_SPH_WOOD-EXS,2030,0.0
R_SPH_WOOD-EXS,2035,0.0
R_SPH_WOOD-OIL-EXS,2025,0.0
R_SPH_WOOD-OIL-EXS,2030,0.0
R_SPH_WOOD-OIL-EXS,2035,0.0
R_SPH_WOOD-OIL-EXS,2040,0.0
R_SPH_WOOD-TYP-NEW,2025,-1.0627794517009264e-05
R_SPH_WOOD-TYP-NEW,2030,-2.3311907156006e-05
R_SPH_WOOD-TYP-NEW,2035,-3.90774917972331e-05
R_SPH_WOOD-TYP-NEW,2040,-4.445655292952761e-05
R_SPH_WOOD-TYP-NEW,2045,-4.992831342902328e-05
R_SPH_WOOD-TYP-NEW,2050,-5.2709141657250254e-05
R_WAH_ELC-EXS,2025,0.0
R_WAH_ELC-EXS,2030,0.0
R_WAH_ELC-EXS,2035,0.0
R_WAH_ELEC-TYP-NEW,2025,-0.00019273651182509223
R_WAH_ELEC-TYP-NEW,2030,3.134197668275775
R_WAH_ELEC-TYP-NEW,2035,8.597544379358034
R_WAH_ELEC-TYP-NEW,2040,7.949611460639122
R_WAH_ELEC-TYP-NEW,2045,3.886956164267459
R_WAH_ELEC-TYP-NEW,2050,0.3839148459209749
R_WAH_HP-TYP-NEW,2025,-0.00031749280943386103
R_WAH_HP-TYP-NEW,2030,-0.0006800859729265584
R_WAH_HP-TYP-NEW,2035,-0.0011583903040148385
R_WAH_HP-TYP-NEW,2040,-0.0014973994189361028
R_WAH_HP-TYP-NEW,2045,-0.0018017758981626552
R_WAH_HP-TYP-NEW,2050,-0.0019778977469234495
R_WAH_LPG-EXS,2025,0.0
R_WAH_LPG-EXS,2030,0.0
R_WAH_NG-EXS,2025,0.0
R_WAH_NG-EXS,2030,0.0
R_WAH_NG-TYP-NEW,2025,0.0002625207244637551
R_WAH_NG-TYP-NEW,2030,-1.612116026998227
R_WAH_NG-TYP-NEW,2035,-4.385529382632271
R_WAH_NG-TYP-NEW,2040,-4.054803533922133
R_WAH_NG-TYP-NEW,2045,-1.9820025855948704
R_WAH_NG-TYP-NEW,2050,-0.19476958013221513
R_WAH_OIL-EXS,2025,0.0
R_WAH_OIL-EXS,2030,0.0
R_WAH_OIL-EXS,2035,0.0
R_WAH_SOLAR-TYP-NEW,2025,-3.427908650800801e-05
R_WAH_SOLAR-TYP-NEW,2030,-7.401218286133925e-05
R_WAH_SOLAR-TYP-NEW,2035,-0.00011397525202299115
R_WAH_SOLAR-TYP-NEW,2040,-0.00015736030084826023
R_WAH_SOLAR-TYP-NEW,2045,-0.00018372856135104724
R_WAH_SOLAR-TYP-NEW,2050,-0.00019648953702689766
T_ELC_AC_DC,2025,-0.000734803172432138
T_ELC_AC_DC,2030,-0.001595559713388864
T_ELC_AC_DC,2035,-0.002535545518947934
T_ELC_AC_DC,2040,-0.0035447082849977656
T_ELC_AC_DC,2045,-0.004637982427355717
T_ELC_AC_DC,2050,-0.005077998655752596
T_H2_COMP_100_700,2025,-1.1442857859554652
T_H2_COMP_100_700,2030,-1.0126365891223141
T_H2_COMP_100_700,2035,-0.7368413564327163
T_H2_COMP_100_700,2040,-0.36415084451414925
T_H2_COMP_100_700,2045,-0.4923160798030559
T_H2_COMP_100_700,2050,-1.0117698586820545
T_H2_COMP_10_100,2025,-1.1442859693837009
T_H2_COMP_10_100,2030,-1.0126370904885666
T_H2_COMP_10_100,2035,-0.7368423753095255
T_H2_COMP_10_100,2040,-0.3641517521602289
T_H2_COMP_10_100,2045,-0.4923173633861615
T_H2_COMP_10_100,2050,-1.0117707773206384
T_H2_HDV_REFUEL,2025,-37.43352954030287
T_H2_HDV_REFUEL,2030,-35.52917128746962
T_H2_HDV_REFUEL,2035,-38.44108815701192
T_H2_HDV_REFUEL,2040,-41.5570955779752
T_H2_HDV_REFUEL,2045,-36.611991666004855
T_H2_HDV_REFUEL,2050,-36.258242753092276
T_H2_LDV_REFUEL,2025,-1.234603649311084
T_H2_LDV_REFUEL,2030,5.3955663755084995
T_H2_LDV_REFUEL,2035,17.010594398715476
T_H2_LDV_REFUEL,2040,31.68854141696225
T_H2_LDV_REFUEL,2045,24.7569154288583
T_H2_LDV_REFUEL,2050,3.983843460813574
T_H2_MDV_REFUEL,2025,2.7623913548485195
T_H2_MDV_REFUEL,2030,0.3744373832413359
T_H2_MDV_REFUEL,2035,-1.6902869120868314
T_H2_MDV_REFUEL,2040,0.6975200716504446
T_H2_MDV_REFUEL,2045,-3.5928100373200476
T_H2_MDV_REFUEL,2050,-3.592652697667612
T_HDV_AJF_JFL_EX,2025,0.0
T_HDV_AJF_JFL_EX,2030,0.0
T_HDV_AJF_JFL_EX,2035,0.0
T_HDV_AJF_JFL_EX,2040,0.0
T_HDV_AJF_JFL_N,2025,-4.4378225538821425e-07
T_HDV_AJF_JFL_N,2030,2.721545889206034e-07
T_HDV_AJF_JFL_N,2035,9.942079712832452e-07
T_HDV_AJF_JFL_N,2040,2.1366622391383316e-06
T_HDV_AJF_JFL_N,2045,3.2178877169553033e-06
T_HDV_AJF_JFL_N,2050,3.882968794055586e-06
T_HDV_AJP_JFL_EX,2025,0.0
T_HDV_AJP_JFL_EX,2030,0.0
T_HDV_AJP_JFL_EX,2035,0.0
T_HDV_AJP_JFL_EX,2040,0.0
T_HDV_AJP_JFL_N,2025,-3.1185031694747067e-06
T_HDV_AJP_JFL_N,2030,-2.356323534513649e-06
T_HDV_AJP_JFL_N,2035,-1.7079661418506475e-06
T_HDV_AJP_JFL_N,2040,1.445460924287545e-07
T_HDV_AJP_JFL_N,2045,1.4665200467334216e-06
T_HDV_AJP_JFL_N,2050,2.6659048160126986e-06
T_HDV_BIC_BEV_N,2025,-1.1873687616315674e-05
T_HDV_BIC_BEV_N,2030,-2.8944176724556097e-05
T_HDV_BIC_BEV_N,2035,-3.658965462795697e-05
T_HDV_BIC_BEV_N,2040,-5.9339492380596685e-05
T_HDV_BIC_BEV_N,2045,-7.274838255226915e-05
T_HDV_BIC_BEV_N,2050,-9.659497742845068e-05
T_HDV_BIC_DSL_EX,2025,0.0
T_HDV_BIC_DSL_EX,2030,0.0
T_HDV_BIC_DSL_HEV_N,2025,4.150723144938489e-05
T_HDV_BIC_DSL_HEV_N,2030,5.523049620826124e-05
T_HDV_BIC_DSL_HEV_N,2035,5.400091577443242e-05
T_HDV_BIC_DSL_HEV_N,2040,8.369033976887327e-06
T_HDV_BIC_DSL_HEV_N,2045,-2.06583748977383e-05
T_HDV_BIC_DSL_HEV_N,2050,-3.9128759025288296e-05
T_HDV_BIC_DSL_N,2025,2.2408188832995846
T_HDV_BIC_DSL_N,2030,2.351254752044189
T_HDV_BIC_DSL_N,2035,1.5266313473530215
T_HDV_BIC_DSL_N,2040,0.14475009726462285
T_HDV_BIC_DSL_N,2045,0.0522473195338596
T_HDV_BIC_DSL_N,2050,0.006835029068853278
T_HDV_BIC_FCEV_N,2025,7.846221408390244e-06
T_HDV_BIC_FCEV_N,2030,0.01856354650845904
T_HDV_BIC_FCEV_N,2035,0.01863151649801087
T_HDV_BIC_FCEV_N,2040,0.0018229600408354862
T_HDV_BIC_FCEV_N,2045,0.0007209721851189066
T_HDV_BIC_FCEV_N,2050,0.00019941719053928608
T_HDV_BIC_GSL_EX,2025,0.0
T_HDV_BIC_GSL_EX,2030,0.0
T_HDV_BIC_GSL_N,2025,-2.268156874159568
T_HDV_BIC_GSL_N,2030,-2.379946702913246
T_HDV_BIC_GSL_N,2035,-1.5452643510253834
T_HDV_BIC_GSL_N,2040,-0.14653820314303967
T_HDV_BIC_GSL_N,2045,-0.05292107399202542
T_HDV_BIC_GSL_N,2050,-0.006957740904063743
T_HDV_BS_BEV_N,2025,-8.027098721078826e-05
T_HDV_BS_BEV_N,2030,-0.00038173713173844334
T_HDV_BS_BEV_N,2035,-0.15238954224627044
T_HDV_BS_BEV_N,2040,-0.21896602324020265
T_HDV_BS_BEV_N,2045,-0.007420821994688964
T_HDV_BS_BEV_N,2050,-0.003927955734305044
T_HDV_BS_CNG_EX,2025,0.0
T_HDV_BS_CNG_EX,2030,0.0
T_HDV_BS_CNG_N,2025,-2.676979889589732e-05
T_HDV_BS_CNG_N,2030,-4.36725349939076e-05
T_HDV_BS_CNG_N,2035,-5.2286692297558344e-05
T_HDV_BS_CNG_N,2040,-5.147368855524678e-05
T_HDV_BS_CNG_N,2045,-5.197005872340772e-05
T_HDV_BS_CNG_N,2050,-6.374855235371775e-05
T_HDV_BS_DSL_EX,2025,0.0
T_HDV_BS_DSL_EX,2030,0.0
T_HDV_BS_DSL_HEV_N,2025,9.453331537891706e-06
T_HDV_BS_DSL_HEV_N,2030,9.9241899256578e-06
T_HDV_BS_DSL_HEV_N,2035,1.0728327605477705e-05
T_HDV_BS_DSL_HEV_N,2040,-2.9754790155274933e-05
T_HDV_BS_DSL_HEV_N,2045,-4.197193994341432e-05
T_HDV_BS_DSL_HEV_N,2050,-5.1873411670980124e-05
T_HDV_BS_DSL_N,2025,1.4947969714207742e-05
T_HDV_BS_DSL_N,2030,1.4947969714207742e-05
T_HDV_BS_DSL_N,2035,-1.3478338963818296e-05
T_HDV_BS_DSL_N,2040,-3.9384332634375354e-05
T_HDV_BS_DSL_N,2045,-4.3600426567830974e-05
T_HDV_BS_DSL_N,2050,-5.1464776565336714e-05
T_HDV_BS_DSL_PHEV_N,2025,-2.888416948244302e-05
T_HDV_BS_DSL_PHEV_N,2030,-5.6649401171493614e-05
T_HDV_BS_DSL_PHEV_N,2035,-8.354904652062517e-05
T_HDV_BS_DSL_PHEV_N,2040,-9.709486659749455e-05
T_HDV_BS_DSL_PHEV_N,2045,-0.00014318779475976686
T_HDV_BS_DSL_PHEV_N,2050,-0.00013751600959054555
T_HDV_BS_FCEV_N,2025,-0.00025755696127635337
T_HDV_BS_FCEV_N,2030,-0.0003940762642846438
T_HDV_BS_FCEV_N,2035,-0.00047446004034557053
T_HDV_BS_FCEV_N,2040,-0.0005009417566800213
T_HDV_BS_FCEV_N,2045,-0.0004610989341410707
T_HDV_BS_FCEV_N,2050,-0.00035814036841978953
T_HDV_BS_FCHEV_N,2025,-0.333649950244272
T_HDV_BS_FCHEV_N,2030,0.018379619367838274
T_HDV_BS_FCHEV_N,2035,0.1530817012462169
T_HDV_BS_FCHEV_N,2040,0.21970626065875942
T_HDV_BS_FCHEV_N,2045,0.008187122537740732
T_HDV_BS_FCHEV_N,2050,0.004600790141438507
T_HDV_BS_GSL_EX,2025,0.0
T_HDV_BS_GSL_EX,2030,0.0
T_HDV_BS_GSL_N,2025,-0.00010846252096162241
T_HDV_BS_GSL_N,2030,-0.00014535791287038734
T_HDV_BS_GSL_N,2035,-0.0001392190250909676
T_HDV_BS_GSL_N,2040,-8.477035217438134e-05
T_HDV_BS_GSL_N,2045,-8.86175330674358e-05
T_HDV_BS_GSL_N,2050,-9.482690413076181e-05
T_HDV_BT_BEV_EX,2025,0.0
T_HDV_BT_BEV_EX,2030,0.0
T_HDV_BT_BEV_N,2025,-0.0003249204013460713
T_HDV_BT_BEV_N,2030,0.16111383155085446
T_HDV_BT_BEV_N,2035,4.287178856388387
T_HDV_BT_BEV_N,2040,8.783727979225361
T_HDV_BT_BEV_N,2045,7.436058914047202
T_HDV_BT_BEV_N,2050,3.2309534331183816
T_HDV_BT_CNG_EX,2025,0.0
T_HDV_BT_CNG_EX,2030,0.0
T_HDV_BT_CNG_N,2040,-1.1081315410046408e-05
T_HDV_BT_CNG_N,2045,-1.1081315410046408e-05
T_HDV_BT_CNG_N,2050,-1.0745810427676817e-05
T_HDV_BT_DSL_EX,2025,0.0
T_HDV_BT_DSL_EX,2030,0.0
T_HDV_BT_DSL_PHEV_N,2035,-1.4042146732462281e-05
T_HDV_BT_DSL_PHEV_N,2040,-3.127259914218924e-05
T_HDV_BT_DSL_PHEV_N,2045,-3.178427918756481e-05
T_HDV_BT_DSL_PHEV_N,2050,-4.222948359485447e-05
T_HDV_BT_FCEV_N,2025,-5.4156931609165165e-05
T_HDV_BT_FCEV_N,2030,-8.858357600088242e-05
T_HDV_BT_FCEV_N,2035,-0.00012251583813894954
T_HDV_BT_FCEV_N,2040,-0.0001639913701472969
T_HDV_BT_FCEV_N,2045,-0.0001834779203209196
T_HDV_BT_FCEV_N,2050,-0.00014057111483712392
T_HDV_BT_FCHEV_N,2025,-0.1537958857504247
T_HDV_BT_FCHEV_N,2030,-0.16100748869922477
T_HDV_BT_FCHEV_N,2035,-4.287041435744474
T_HDV_BT_FCHEV_N,2040,-8.78351775403213
T_HDV_BT_FCHEV_N,2045,-7.435825367823898
T_HDV_BT_FCHEV_N,2050,-3.2307587616442484
T_HDV_BT_GSL_EX,2025,0.0
T_HDV_BT_GSL_EX,2030,0.0
T_HDV_BT_GSL_N,2025,-1.2185661775053291e-05
T_HDV_BT_GSL_N,2030,-1.2185661775053291e-05
T_HDV_CHRG,2025,-1.3073312668199222e-05
T_HDV_CHRG,2030,-3.224476758267869e-06
T_HDV_CHRG,2035,1.1119226901614994
T_HDV_CHRG,2040,1.3389937086178776
T_HDV_CHRG,2045,0.6356211304150108
T_HDV_CHRG,2050,-3.341291460743598
T_HDV_RF_DSL_EX,2025,0.0
T_HDV_RF_DSL_EX,2030,0.0
T_HDV_RF_DSL_EX,2035,0.0
T_HDV_RF_DSL_EX,2040,0.0
T_HDV_RF_DSL_EX,2045,0.0
T_HDV_RF_DSL_N,2025,7.28025417672249
T_HDV_RF_DSL_N,2030,35.731763538458786
T_HDV_RF_DSL_N,2035,95.74804912310776
T_HDV_RF_DSL_N,2040,104.29128912209654
T_HDV_RF_DSL_N,2045,112.70884107953917
T_HDV_RF_DSL_N,2050,145.1397157859756
T_HDV_RF_H2_N,2030,-11.187366552607482
T_HDV_RF_H2_N,2035,-19.681305165524556
T_HDV_RF_H2_N,2040,-28.224591014989294
T_HDV_RF_H2_N,2045,-36.641509501590065
T_HDV_RF_H2_N,2050,-46.23772515080829
T_HDV_RF_LNG_N,2025,-98.90155352450753
T_HDV_RF_LNG_N,2030,-98.9016743964629
T_HDV_RF_LNG_N,2035,-98.90180397409951
T_HDV_RF_LNG_N,2040,-98.9019651901842
T_HDV_RF_LNG_N,2045,-98.90220494045079
T_HDV_RF_LNG_N,2050,-98.902484795837
T_HDV_RICP_DSL_EX,2025,0.0
T_HDV_RICP_DSL_EX,2030,0.0
T_HDV_RICP_DSL_EX,2035,0.0
T_HDV_RICP_DSL_EX,2040,0.0
T_HDV_RICP_DSL_EX,2045,0.0
T_HDV_RICP_DSL_N,2025,-8.1047923487787e-07
T_HDV_RICP_DSL_N,2030,0.03954065336800736
T_HDV_RICP_DSL_N,2035,0.1628271574569747
T_HDV_RICP_DSL_N,2040,0.24672815813616342
T_HDV_RICP_DSL_N,2045,0.34664242073741697
T_HDV_RICP_DSL_N,2050,0.5048843676841778
T_HDV_RICP_H2_N,2030,-0.38911648665687254
T_HDV_RICP_H2_N,2035,-0.4191416718654922
T_HDV_RICP_H2_N,2040,-0.4493156815264931
T_HDV_RICP_H2_N,2045,-0.4790094689170542
T_HDV_RICP_H2_N,2050,-0.5130039269669286
T_HDV_T_BEV_N,2025,-5.6753315516879e-05
T_HDV_T_BEV_N,2030,-0.15868206081176217
T_HDV_T_BEV_N,2035,-0.8696914649125453
T_HDV_T_BEV_N,2040,-4.558613920809535
T_HDV_T_BEV_N,2045,-5.4294958079833435
T_HDV_T_BEV_N,2050,-14.933957558805844
T_HDV_T_DSL_EX,2025,0.0
T_HDV_T_DSL_EX,2030,0.0
T_HDV_T_DSL_EX,2035,0.0
T_HDV_T_DSL_EX,2040,0.0
T_HDV_T_DSL_EX,2045,0.0
T_HDV_T_DSL_EX,2050,-1.7763568394002505e-15
T_HDV_T_DSL_HEV_N,2025,39.22123511492435
T_HDV_T_DSL_HEV_N,2030,47.75529625298326
T_HDV_T_DSL_HEV_N,2035,53.2120668937791
T_HDV_T_DSL_HEV_N,2040,55.9552499648816
T_HDV_T_DSL_HEV_N,2045,55.774698331939874
T_HDV_T_DSL_HEV_N,2050,54.22929523161701
T_HDV_T_DSL_N,2025,3.714129681894149e-05
T_HDV_T_DSL_N,2030,4.615331054943547e-05
T_HDV_T_DSL_N,2035,5.0825423712049356e-05
T_HDV_T_DSL_N,2040,4.302163845590035e-05
T_HDV_T_DSL_N,2045,1.5174866743907553e-05
T_HDV_T_DSL_PHEV_N,2035,-1.1792387066659011e-05
T_HDV_T_DSL_PHEV_N,2040,-3.2237872226567336e-05
T_HDV_T_DSL_PHEV_N,2045,-3.166487694310829e-05
T_HDV_T_DSL_PHEV_N,2050,-4.480628713448008e-05
T_HDV_T_FCEV_N,2025,-6.232310431149448e-05
T_HDV_T_FCEV_N,2030,-0.00010527924046277771
T_HDV_T_FCEV_N,2035,-0.00015227761820369197
T_HDV_T_FCEV_N,2040,-0.00020564753694305538
T_HDV_T_FCEV_N,2045,-0.00018460813591694887
T_HDV_T_FCEV_N,2050,-0.000185702598183298
T_HDV_T_FCHEV_N,2025,-44.59920281549567
T_HDV_T_FCHEV_N,2030,-47.59655764332743
T_HDV_T_FCHEV_N,2035,-52.34226656241458
T_HDV_T_FCHEV_N,2040,-54.52844542959069
T_HDV_T_FCHEV_N,2045,-52.57948614302289
T_HDV_T_FCHEV_N,2050,-36.583721018655964
T_HDV_WTF_HFO_EX,2025,7.105427357601002e-15
T_HDV_WTF_HFO_EX,2030,-7.105427357601002e-15
T_HDV_WTF_HFO_EX,2035,0.0
T_HDV_WTF_HFO_EX,2040,0.0
T_HDV_WTF_HFO_EX,2045,0.0
T_HDV_WTF_HFO_N,2025,4.1532225530716005e-05
T_HDV_WTF_HFO_N,2030,0.00023764330287434632
T_HDV_WTF_HFO_N,2035,0.000425190181960744
T_HDV_WTF_HFO_N,2040,0.0009220868551906847
T_HDV_WTF_HFO_N,2045,0.0026139512391694097
T_HDV_WTF_HFO_N,2050,0.0020685414934291657
T_HDV_WTF_LNG_N,2025,-9.254678079436996e-05
T_HDV_WTF_LNG_N,2030,-0.00029511289170670765
T_HDV_WTF_LNG_N,2035,-0.0005726512958219335
T_HDV_WTF_LNG_N,2040,-0.0011899319634924009
T_HDV_WTF_LNG_N,2045,-0.0030439513212491094
T_HDV_WTF_LNG_N,2050,0.007432311046706275
T_HDV_WTF_MDO_EX,2025,0.0
T_HDV_WTF_MDO_EX,2030,0.0
T_HDV_WTF_MDO_EX,2035,0.0
T_HDV_WTF_MDO_EX,2040,0.0
T_HDV_WTF_MDO_EX,2045,0.0
T_HDV_WTF_MDO_N,2030,-3.3610178555000055e-05
T_HDV_WTF_MDO_N,2035,-3.3610178555000055e-05
T_HDV_WTF_MDO_N,2040,-3.3610178555000055e-05
T_HDV_WTF_MDO_N,2045,-3.3610178555000055e-05
T_HDV_WTF_MDO_N,2050,-3.3610178555000055e-05
T_I_H2_ELC_ALK,2025,-0.0001698009659562308
T_I_H2_ELC_ALK,2030,-0.00038989515684453234
T_I_H2_ELC_ALK,2035,-0.0006655500541151644
T_I_H2_ELC_ALK,2040,-0.0009682142805498098
T_I_H2_ELC_ALK,2045,-0.0011509227191764898
T_I_H2_ELC_ALK,2050,-0.0013117816184739436
T_I_H2_ELC_PEM,2025,-0.00013359903431097792
T_I_H2_ELC_PEM,2030,-0.0003260312416030686
T_I_H2_ELC_PEM,2035,-0.0005832807777390067
T_I_H2_ELC_PEM,2040,-0.000886588550350901
T_I_H2_ELC_PEM,2045,-0.001126516298320426
T_I_H2_ELC_PEM,2050,-0.0013572183444809569
T_I_H2_SMR,2025,-1.2044429202624518
T_I_H2_SMR,2030,-1.0657622782249012
T_I_H2_SMR,2035,-0.7752524981609215
T_I_H2_SMR,2040,-0.38287318445763363
T_I_H2_SMR,2045,-0.5175038365040527
T_I_H2_SMR,2050,-1.0725825691351307
T_LDV_BEV_CHRG,2025,-0.40606296545552567
T_LDV_BEV_CHRG,2030,-2.761039264611618
T_LDV_BEV_CHRG,2035,-7.514482246697767
T_LDV_BEV_CHRG,2040,49.00190214401756
T_LDV_BEV_CHRG,2045,119.7393700960497
T_LDV_BEV_CHRG,2050,172.36673013156013
T_LDV_C_BEV150_EX,2025,0.0
T_LDV_C_BEV150_EX,2030,0.0
T_LDV_C_BEV150_EX,2035,0.0
T_LDV_C_BEV150_EX,2040,0.0
T_LDV_C_BEV150_EX,2045,0.0
T_LDV_C_BEV150_EX,2050,0.0
T_LDV_C_BEV150_N,2025,4.134130609401154e-06
T_LDV_C_BEV150_N,2030,7.275291970643138e-05
T_LDV_C_BEV150_N,2035,32.26330066822733
T_LDV_C_BEV150_N,2040,75.76573343173482
T_LDV_C_BEV150_N,2045,131.10901596580004
T_LDV_C_BEV150_N,2050,162.94736620538447
T_LDV_C_BEV200_N,2025,8.459076120459486e-06
T_LDV_C_BEV200_N,2030,0.0001457889793243794
T_LDV_C_BEV200_N,2035,64.52660166621763
T_LDV_C_BEV200_N,2040,151.5314670566902
T_LDV_C_BEV200_N,2045,262.218032030829
T_LDV_C_BEV200_N,2050,325.89473244222495
T_LDV_C_BEV300_N,2025,1.2683600544960427e-05
T_LDV_C_BEV300_N,2030,0.00021867665930130897
T_LDV_C_BEV300_N,2035,96.78990249488481
T_LDV_C_BEV300_N,2040,227.29720062630668
T_LDV_C_BEV300_N,2045,393.3270480976146
T_LDV_C_BEV300_N,2050,488.84209869704773
T_LDV_C_BEV400_N,2025,1.6910169534867237e-05
T_LDV_C_BEV400_N,2030,0.00029156590039747243
T_LDV_C_BEV400_N,2035,129.05320332002225
T_LDV_C_BEV400_N,2040,303.0629341582228
T_LDV_C_BEV400_N,2045,524.4360640942089
T_LDV_C_BEV400_N,2050,651.7894649060645
T_LDV_C_CNG_N,2025,-0.0010400276586758244
T_LDV_C_CNG_N,2030,-0.0010550994288958892
T_LDV_C_CNG_N,2035,-0.0009203226878407455
T_LDV_C_CNG_N,2040,-0.0006489176948026771
T_LDV_C_CNG_N,2045,-0.0007658183218390687
T_LDV_C_CNG_N,2050,-0.0008562610332433399
T_LDV_C_DSL_EX,2025,0.0
T_LDV_C_DSL_EX,2030,0.0
T_LDV_C_DSL_EX,2035,0.0
T_LDV_C_DSL_EX,2040,0.0
T_LDV_C_DSL_EX,2045,0.0
T_LDV_C_DSL_EX,2050,6.938893903907228e-18
T_LDV_C_DSL_N,2025,2001.1594674915002
T_LDV_C_DSL_N,2030,2277.9225455430847
T_LDV_C_DSL_N,2035,1937.3430997996065
T_LDV_C_DSL_N,2040,1045.252615429223
T_LDV_C_DSL_N,2045,386.54545303946753
T_LDV_C_DSL_N,2050,121.91624097764269
T_LDV_C_FCEV400_N,2025,0.00010349411994070579
T_LDV_C_FCEV400_N,2030,159.3028296647102
T_LDV_C_FCEV400_N,2035,918.7900139513961
T_LDV_C_FCEV400_N,2040,1859.6768493611357
T_LDV_C_FCEV400_N,2045,1638.1548486281633
T_LDV_C_FCEV400_N,2050,326.69426149057836
T_LDV_C_GSL_EX,2025,0.0
T_LDV_C_GSL_EX,2030,0.0
T_LDV_C_GSL_EX,2035,0.0
T_LDV_C_GSL_EX,2040,0.0
T_LDV_C_GSL_EX,2045,0.0
T_LDV_C_GSL_EX,2050,0.0
T_LDV_C_GSL_HEV_EX,2025,0.0
T_LDV_C_GSL_HEV_EX,2030,0.0
T_LDV_C_GSL_HEV_EX,2035,0.0
T_LDV_C_GSL_HEV_EX,2040,0.0
T_LDV_C_GSL_HEV_EX,2045,0.0
T_LDV_C_GSL_HEV_EX,2050,0.0
T_LDV_C_GSL_HEV_N,2025,-177.5281999554567
T_LDV_C_GSL_HEV_N,2030,-197.30190444873978
T_LDV_C_GSL_HEV_N,2035,-167.63731363268946
T_LDV_C_GSL_HEV_N,2040,-87.58224627592011
T_LDV_C_GSL_HEV_N,2045,-30.559524316203646
T_LDV_C_GSL_HEV_N,2050,-8.292032435643257
T_LDV_C_GSL_N,2025,-1685.9949629143248
T_LDV_C_GSL_N,2030,-1626.461586225803
T_LDV_C_GSL_N,2035,-1352.016628224948
T_LDV_C_GSL_N,2040,-636.0280746590818
T_LDV_C_GSL_N,2045,-199.50186712067475
T_LDV_C_GSL_N,2050,-51.949955315391755
T_LDV_C_GSL_PHEV35_EX,2025,0.0
T_LDV_C_GSL_PHEV35_EX,2030,0.0
T_LDV_C_GSL_PHEV35_EX,2035,0.0
T_LDV_C_GSL_PHEV35_EX,2040,0.0
T_LDV_C_GSL_PHEV35_EX,2045,0.0
T_LDV_C_GSL_PHEV35_EX,2050,0.0
T_LDV_C_GSL_PHEV35_N,2025,0.0017779972282028211
T_LDV_C_GSL_PHEV35_N,2030,0.008346435560383725
T_LDV_C_GSL_PHEV35_N,2035,539.6042701487954
T_LDV_C_GSL_PHEV35_N,2040,351.98690622175343
T_LDV_C_GSL_PHEV35_N,2045,-146.90090076198464
T_LDV_C_GSL_PHEV35_N,2050,-773.7006252962858
T_LDV_C_GSL_PHEV50_N,2025,-0.0017620077131468173
T_LDV_C_GSL_PHEV50_N,2030,-0.006854837194910621
T_LDV_C_GSL_PHEV50_N,2035,-0.00465210925986804
T_LDV_C_GSL_PHEV50_N,2040,-0.039199338373603856
T_LDV_C_GSL_PHEV50_N,2045,-0.03983539912035534
T_LDV_C_GSL_PHEV50_N,2050,-0.033654657642325975
T_LDV_LTF_BEV150_N,2025,1.4957780198443515e-05
T_LDV_LTF_BEV150_N,2030,-3.2667892924109765e-07
T_LDV_LTF_BEV150_N,2035,12.558098228952284
T_LDV_LTF_BEV150_N,2040,46.864640303071134
T_LDV_LTF_BEV150_N,2045,107.46880113281922
T_LDV_LTF_BEV150_N,2050,122.45649013727845
T_LDV_LTF_BEV200_N,2025,3.0105197922125626e-05
T_LDV_LTF_BEV200_N,2030,-3.1859859461746964e-07
T_LDV_LTF_BEV200_N,2035,25.116196820190467
T_LDV_LTF_BEV200_N,2040,93.72928080510253
T_LDV_LTF_BEV200_N,2045,214.93760246672153
T_LDV_LTF_BEV200_N,2050,244.91298039995635
T_LDV_LTF_BEV300_N,2025,4.515314608966037e-05
T_LDV_LTF_BEV300_N,2030,-4.885901176976404e-07
T_LDV_LTF_BEV300_N,2035,37.674295219694486
T_LDV_LTF_BEV300_N,2040,140.59392127506914
T_LDV_LTF_BEV300_N,2045,322.40640376175355
T_LDV_LTF_BEV300_N,2050,367.3694706519687
T_LDV_LTF_BEV400_N,2025,6.020272438433949e-05
T_LDV_LTF_BEV400_N,2030,-6.559842233855306e-07
T_LDV_LTF_BEV400_N,2035,50.23239362197872
T_LDV_LTF_BEV400_N,2040,187.45856169583269
T_LDV_LTF_BEV400_N,2045,429.87520500940843
T_LDV_LTF_BEV400_N,2050,489.825960866067
T_LDV_LTF_CNG_N,2025,-0.0010081112228300308
T_LDV_LTF_CNG_N,2030,-0.0010130877630964924
T_LDV_LTF_CNG_N,2035,-0.0009162069461627462
T_LDV_LTF_CNG_N,2040,-0.0007698476044161452
T_LDV_LTF_CNG_N,2045,-0.0007240534525487397
T_LDV_LTF_CNG_N,2050,-0.0006625820351342551
T_LDV_LTF_DSL_EX,2025,0.0
T_LDV_LTF_DSL_EX,2030,0.0
T_LDV_LTF_DSL_EX,2035,0.0
T_LDV_LTF_DSL_EX,2040,0.0
T_LDV_LTF_DSL_EX,2045,0.0
T_LDV_LTF_DSL_EX,2050,0.0
T_LDV_LTF_DSL_N,2025,206.16324361503
T_LDV_LTF_DSL_N,2030,193.36375066612553
T_LDV_LTF_DSL_N,2035,158.30981667682323
T_LDV_LTF_DSL_N,2040,109.94846701344954
T_LDV_LTF_DSL_N,2045,67.63550673729071
T_LDV_LTF_DSL_N,2050,39.569749058171105
T_LDV_LTF_FCEV400_N,2025,-33.678369454123235
T_LDV_LTF_FCEV400_N,2030,-31.58750821580812
T_LDV_LTF_FCEV400_N,2035,-25.861074722124236
T_LDV_LTF_FCEV400_N,2040,-17.960894837587066
T_LDV_LTF_FCEV400_N,2045,-154.76961358620267
T_LDV_LTF_FCEV400_N,2050,39.26467750168047
T_LDV_LTF_GSL_EX,2025,0.0
T_LDV_LTF_GSL_EX,2030,0.0
T_LDV_LTF_GSL_EX,2035,0.0
T_LDV_LTF_GSL_EX,2040,0.0
T_LDV_LTF_GSL_EX,2045,0.0
T_LDV_LTF_GSL_EX,2050,-7.105427357601002e-15
T_LDV_LTF_GSL_HEV_EX,2025,0.0
T_LDV_LTF_GSL_HEV_EX,2030,0.0
T_LDV_LTF_GSL_HEV_EX,2035,0.0
T_LDV_LTF_GSL_HEV_EX,2040,0.0
T_LDV_LTF_GSL_HEV_EX,2045,0.0
T_LDV_LTF_GSL_HEV_EX,2050,0.0
T_LDV_LTF_GSL_HEV_N,2025,-175.3767005098922
T_LDV_LTF_GSL_HEV_N,2030,-164.488603988962
T_LDV_LTF_GSL_HEV_N,2035,-134.66933881842115
T_LDV_LTF_GSL_HEV_N,2040,-93.52988200754304
T_LDV_LTF_GSL_HEV_N,2045,-55.43821934743714
T_LDV_LTF_GSL_HEV_N,2050,-30.538456137376826
T_LDV_LTF_GSL_N,2025,-0.00156898543335989
T_LDV_LTF_GSL_N,2030,-0.0015156232413452535
T_LDV_LTF_GSL_N,2035,-0.0012809350202890224
T_LDV_LTF_GSL_N,2040,-0.0009311792736311535
T_LDV_LTF_GSL_N,2045,-0.0006623724842254797
T_LDV_LTF_GSL_N,2050,-0.000496090334464947
T_LDV_LTF_GSL_PHEV35_EX,2025,0.0
T_LDV_LTF_GSL_PHEV35_EX,2030,0.0
T_LDV_LTF_GSL_PHEV35_EX,2035,0.0
T_LDV_LTF_GSL_PHEV35_EX,2040,0.0
T_LDV_LTF_GSL_PHEV35_EX,2045,0.0
T_LDV_LTF_GSL_PHEV35_EX,2050,0.0
T_LDV_LTF_GSL_PHEV35_N,2025,-0.009072840774138058
T_LDV_LTF_GSL_PHEV35_N,2030,-266.9970870954872
T_LDV_LTF_GSL_PHEV35_N,2035,-674.7888646144681
T_LDV_LTF_GSL_PHEV35_N,2040,-839.8185827146658
T_LDV_LTF_GSL_PHEV35_N,2045,-1206.5867742033308
T_LDV_LTF_GSL_PHEV35_N,2050,-1497.54337148018
T_LDV_LTF_GSL_PHEV50_N,2025,0.009083255745202915
T_LDV_LTF_GSL_PHEV50_N,2030,293.0064865510745
T_LDV_LTF_GSL_PHEV50_N,2035,565.8277607823977
T_LDV_LTF_GSL_PHEV50_N,2040,497.8827156268026
T_LDV_LTF_GSL_PHEV50_N,2045,379.6612674249376
T_LDV_LTF_GSL_PHEV50_N,2050,250.7936137836924
T_LDV_LTP_BEV150_N,2025,3.448982198506201e-06
T_LDV_LTP_BEV150_N,2030,1.9971420378794846e-05
T_LDV_LTP_BEV150_N,2035,5.1047038581941706e-05
T_LDV_LTP_BEV150_N,2040,107.75885467443568
T_LDV_LTP_BEV150_N,2045,269.0917342544063
T_LDV_LTP_BEV150_N,2050,465.8235322451782
T_LDV_LTP_BEV200_N,2025,7.05536928080619e-06
T_LDV_LTP_BEV200_N,2030,4.0193068514327024e-05
T_LDV_LTP_BEV200_N,2035,0.00010240508103720458
T_LDV_LTP_BEV200_N,2040,215.51770955425343
T_LDV_LTP_BEV200_N,2045,538.1834686384358
T_LDV_LTP_BEV200_N,2050,931.6470645613898
T_LDV_LTP_BEV300_EX,2025,0.0
T_LDV_LTP_BEV300_EX,2030,0.0
T_LDV_LTP_BEV300_EX,2035,0.0
T_LDV_LTP_BEV300_EX,2040,0.0
T_LDV_LTP_BEV300_EX,2045,0.0
T_LDV_LTP_BEV300_EX,2050,0.0
T_LDV_LTP_BEV300_N,2025,1.0584875852259756e-05
T_LDV_LTP_BEV300_N,2030,6.0287466652653166e-05
T_LDV_LTP_BEV300_N,2035,0.00015360076520209986
T_LDV_LTP_BEV300_N,2040,323.27656436805796
T_LDV_LTP_BEV300_N,2045,807.2752029921043
T_LDV_LTP_BEV300_N,2050,1397.470596871403
T_LDV_LTP_BEV400_N,2025,1.4108614436736389e-05
T_LDV_LTP_BEV400_N,2030,8.037632244395354e-05
T_LDV_LTP_BEV400_N,2035,0.00020479528143368952
T_LDV_LTP_BEV400_N,2040,431.0354191525088
T_LDV_LTP_BEV400_N,2045,1076.3669373222795
T_LDV_LTP_BEV400_N,2050,1863.2941291655284
T_LDV_LTP_CNG_N,2025,-0.004140864468134793
T_LDV_LTP_CNG_N,2030,-0.0038727151541137284
T_LDV_LTP_CNG_N,2035,-0.0032200833624960036
T_LDV_LTP_CNG_N,2040,-0.0022450956926238857
T_LDV_LTP_CNG_N,2045,-0.0014201460520665435
T_LDV_LTP_CNG_N,2050,-0.0008843538587053076
T_LDV_LTP_DSL_EX,2025,0.0
T_LDV_LTP_DSL_EX,2030,0.0
T_LDV_LTP_DSL_EX,2035,0.0
T_LDV_LTP_DSL_EX,2040,3.552713678800501e-15
T_LDV_LTP_DSL_EX,2045,0.0
T_LDV_LTP_DSL_EX,2050,0.0
T_LDV_LTP_DSL_N,2025,1804.9909914900534
T_LDV_LTP_DSL_N,2030,1662.3913982647402
T_LDV_LTP_DSL_N,2035,1332.899529801151
T_LDV_LTP_DSL_N,2040,899.6745586380082
T_LDV_LTP_DSL_N,2045,531.8023150832837
T_LDV_LTP_DSL_N,2050,296.07140560783404
T_LDV_LTP_FCEV400_N,2025,-3.8508908367194827
T_LDV_LTP_FCEV400_N,2030,151.59459487128993
T_LDV_LTP_FCEV400_N,2035,68.78916522234177
T_LDV_LTP_FCEV400_N,2040,47.021976292153454
T_LDV_LTP_FCEV400_N,2045,201.37301962134225
T_LDV_LTP_FCEV400_N,2050,173.98258856900173
T_LDV_LTP_GSL_EX,2025,0.0
T_LDV_LTP_GSL_EX,2030,0.0
T_LDV_LTP_GSL_EX,2035,0.0
T_LDV_LTP_GSL_EX,2040,0.0
T_LDV_LTP_GSL_EX,2045,0.0
T_LDV_LTP_GSL_EX,2050,0.0
T_LDV_LTP_GSL_HEV_EX,2025,0.0
T_LDV_LTP_GSL_HEV_EX,2030,0.0
T_LDV_LTP_GSL_HEV_EX,2035,0.0
T_LDV_LTP_GSL_HEV_EX,2040,0.0
T_LDV_LTP_GSL_HEV_EX,2045,0.0
T_LDV_LTP_GSL_HEV_EX,2050,0.0
T_LDV_LTP_GSL_HEV_N,2025,-175.3767321336175
T_LDV_LTP_GSL_HEV_N,2030,-343.33840415340796
T_LDV_LTP_GSL_HEV_N,2035,-296.9604253918126
T_LDV_LTP_GSL_HEV_N,2040,-221.6775998572921
T_LDV_LTP_GSL_HEV_N,2045,-139.62651447859392
T_LDV_LTP_GSL_HEV_N,2050,-78.37919112980461
T_LDV_LTP_GSL_N,2025,-1498.6831484896593
T_LDV_LTP_GSL_N,2030,-1380.2827931182896
T_LDV_LTP_GSL_N,2035,-1106.7058890840221
T_LDV_LTP_GSL_N,2040,-746.2861656747388
T_LDV_LTP_GSL_N,2045,-440.89601221535094
T_LDV_LTP_GSL_N,2050,-240.698042396781
T_LDV_LTP_GSL_PHEV35_EX,2025,0.0
T_LDV_LTP_GSL_PHEV35_EX,2030,0.0
T_LDV_LTP_GSL_PHEV35_EX,2035,0.0
T_LDV_LTP_GSL_PHEV35_EX,2040,0.0
T_LDV_LTP_GSL_PHEV35_EX,2045,0.0
T_LDV_LTP_GSL_PHEV35_EX,2050,0.0
T_LDV_LTP_GSL_PHEV35_N,2025,0.00032421891177136786
T_LDV_LTP_GSL_PHEV35_N,2030,-0.010058966157771465
T_LDV_LTP_GSL_PHEV35_N,2035,-0.003262808928184313
T_LDV_LTP_GSL_PHEV35_N,2040,-0.001953293592123373
T_LDV_LTP_GSL_PHEV35_N,2045,204.18649155010246
T_LDV_LTP_GSL_PHEV35_N,2050,197.7259383579957
T_LDV_LTP_GSL_PHEV50_N,2025,-0.0003176308467110066
T_LDV_LTP_GSL_PHEV50_N,2030,0.01013624770096637
T_LDV_LTP_GSL_PHEV50_N,2035,0.0028908808853816744
T_LDV_LTP_GSL_PHEV50_N,2040,0.0014747152404925874
T_LDV_LTP_GSL_PHEV50_N,2045,0.0007364793487905866
T_LDV_LTP_GSL_PHEV50_N,2050,9.499807142464376e-05
T_LDV_M_BEV_N,2025,0.0003586748099024817
T_LDV_M_BEV_N,2030,0.0007052482883977973
T_LDV_M_BEV_N,2035,0.0011070595859337118
T_LDV_M_BEV_N,2040,0.0012194050462426276
T_LDV_M_BEV_N,2045,0.0012356593234130742
T_LDV_M_BEV_N,2050,0.0014513189074705224
T_LDV_M_GSL_EX,2025,0.0
T_LDV_M_GSL_EX,2030,0.0
T_LDV_M_GSL_EX,2035,0.0
T_LDV_M_GSL_N,2025,-0.00046348669812062624
T_LDV_M_GSL_N,2030,-0.0008381505943094596
T_LDV_M_GSL_N,2035,-0.001270352167959539
T_LDV_M_GSL_N,2040,-0.0013294724570124125
T_LDV_M_GSL_N,2045,-0.0013583540661248465
T_LDV_M_GSL_N,2050,-0.0015942403100911394
T_LDV_PHEV_CHRG,2025,1.223824907636839e-05
T_LDV_PHEV_CHRG,2030,0.29860786014365637
T_LDV_PHEV_CHRG,2035,-0.3358259355202975
T_LDV_PHEV_CHRG,2040,-2.227553060043963
T_LDV_PHEV_CHRG,2045,-11.11039159738128
T_LDV_PHEV_CHRG,2050,-15.879492404489177
T_MDV_CHRG,2025,-1.5089610615486284
T_MDV_CHRG,2030,1.0320941981440157
T_MDV_CHRG,2035,0.9866958646588699
T_MDV_CHRG,2040,5.820804008374232
T_MDV_CHRG,2045,-6.318702159770236
T_MDV_CHRG,2050,-4.5865986371311
T_MDV_T_BEV_N,2025,-34.33268718302002
T_MDV_T_BEV_N,2030,26.430772972369553
T_MDV_T_BEV_N,2035,27.695094307702703
T_MDV_T_BEV_N,2040,169.28094908667063
T_MDV_T_BEV_N,2045,10.125647212007834
T_MDV_T_BEV_N,2050,-17.758891308512375
T_MDV_T_DSL_EX,2025,0.0
T_MDV_T_DSL_EX,2030,0.0
T_MDV_T_DSL_EX,2035,0.0
T_MDV_T_DSL_EX,2040,0.0
T_MDV_T_DSL_EX,2045,0.0
T_MDV_T_DSL_EX,2050,3.552713678800501e-15
T_MDV_T_DSL_HEV_N,2025,1.2404066039182097e-05
T_MDV_T_DSL_HEV_N,2030,7.854187476969031e-06
T_MDV_T_DSL_HEV_N,2035,-5.204568996450657e-06
T_MDV_T_DSL_HEV_N,2040,-3.19407173836743e-05
T_MDV_T_DSL_HEV_N,2045,-5.667987298770347e-05
T_MDV_T_DSL_HEV_N,2050,-8.850637336191325e-05
T_MDV_T_DSL_N,2025,4.620245417760651e-06
T_MDV_T_DSL_N,2030,-7.727429690047177e-07
T_MDV_T_DSL_N,2035,-1.1749655446761867e-05
T_MDV_T_DSL_N,2040,-4.587907977067956e-05
T_MDV_T_DSL_N,2045,-9.641720527400305e-05
T_MDV_T_DSL_N,2050,-0.00011220975971542042
T_MDV_T_DSL_PHEV_N,2025,-2.0952591815668383e-05
T_MDV_T_DSL_PHEV_N,2030,-4.587099614438453e-05
T_MDV_T_DSL_PHEV_N,2035,-7.423966267054117e-05
T_MDV_T_DSL_PHEV_N,2040,-0.00012429198656840215
T_MDV_T_DSL_PHEV_N,2045,-0.00023581719887404845
T_MDV_T_DSL_PHEV_N,2050,-0.0002554187302095143
T_MDV_T_FCEV_N,2025,-0.0025368921094570144
T_MDV_T_FCEV_N,2030,-0.0036540266415013172
T_MDV_T_FCEV_N,2035,-0.0033737120267378347
T_MDV_T_FCEV_N,2040,-0.002788423758399943
T_MDV_T_FCEV_N,2045,-0.0022781877961113345
T_MDV_T_FCEV_N,2050,-0.0018177138816625389
T_MDV_T_FCHEV_N,2025,32.028958141235805
T_MDV_T_FCHEV_N,2030,-21.688493567233763
T_MDV_T_FCHEV_N,2035,-24.310253164089204
T_MDV_T_FCHEV_N,2040,-23.306339798040796
T_MDV_T_FCHEV_N,2045,-17.403220417695223
T_MDV_T_FCHEV_N,2050,17.76138085953408
T_MDV_T_GSL_EX,2025,0.0
T_MDV_T_GSL_EX,2030,0.0
T_MDV_T_GSL_EX,2035,0.0
T_MDV_T_GSL_EX,2040,0.0
T_MDV_T_GSL_EX,2045,-3.552713678800501e-15
T_MDV_T_GSL_EX,2050,0.0
T_MDV_T_GSL_N,2025,-0.0001566268036470664
T_MDV_T_GSL_N,2030,-0.0002295826711044463
T_MDV_T_GSL_N,2035,-0.0002520767192930687
T_MDV_T_GSL_N,2040,-0.00024383066872819186
T_MDV_T_GSL_N,2045,-0.00022505664017408763
T_MDV_T_GSL_N,2050,-0.0002124109445523551
